designation,h_mm,b_mm,t_mm,ro_mm,ri_mm,corner_radii,mass_kg_m,A_cm2,ys_cm,zs_cm,Iy_cm4,Wel_y_cm3,Wel_y_bottom_cm3,Wel_y_top_cm3,Wpl_y_cm3,i_y_cm,Iz_cm4,Wel_z_cm3,Wel_z_left_cm3,Wel_z_right_cm3,Wpl_z_cm3,i_z_cm,Iyz_cm4,Iu_cm4,Iv_cm4,alpha_deg,tan_alpha,i_u_cm,i_v_cm,It_cm4,Wt_cm3,Iw_cm6,ym_cm,surface_m2_m,Avy_cm2,Avz_cm2
RHS 50x30x2.6,50,30,2.6,3.9,2.6,EN10210-2,2.9964,3.81706,1.5,2.5,12.183,4.87322,4.87322,4.87322,6.11793,1.78654,5.37541,3.58361,3.58361,3.58361,4.24567,1.1867,0,12.183,5.37541,0,0,1.78654,1.1867,12.0955,5.89738,unsupported,unsupported,0.153304,1.4314,2.38567
RHS 50x30x2.9,50,30,2.9,4.35,2.9,EN10210-2,3.30749,4.21336,1.5,2.5,13.2294,5.29178,5.29178,5.29178,6.69505,1.77197,5.80396,3.86931,3.86931,3.86931,4.63349,1.17367,0,13.2294,5.80396,0,0,1.77197,1.17367,13.1743,6.36544,unsupported,unsupported,0.152532,1.58001,2.63335
RHS 50x30x3.2,50,30,3.2,4.8,3.2,EN10210-2,3.61141,4.60052,1.5,2.5,14.2071,5.68282,5.68282,5.68282,7.24644,1.75731,6.19733,4.13155,4.13155,4.13155,5.00112,1.16064,0,14.2071,6.19733,0,0,1.75731,1.16064,14.1894,6.79588,unsupported,unsupported,0.151759,1.7252,2.87533
RHS 50x30x3.6,50,30,3.6,5.4,3.6,EN10210-2,4.00549,5.10254,1.5,2.5,15.4062,6.16248,6.16248,6.16248,7.94205,1.73762,6.66924,4.44616,4.44616,4.44616,5.46032,1.14326,0,15.4062,6.66924,0,0,1.73762,1.14326,15.4447,7.31386,unsupported,unsupported,0.150729,1.91345,3.18909
RHS 50x30x4,50,30,4,6,4,EN10210-2,4.38683,5.58832,1.5,2.5,16.4894,6.59577,6.59577,6.59577,8.593,1.71776,7.08374,4.72249,4.72249,4.72249,5.88468,1.12588,0,16.4894,7.08374,0,0,1.71776,1.12588,16.5888,7.77098,unsupported,unsupported,0.149699,2.09562,3.4927
RHS 50x30x4.5,50,30,4.5,6.75,4.5,EN10210-2,4.84558,6.17272,1.5,2.5,17.6859,7.07437,7.07437,7.07437,9.34481,1.69268,7.52552,5.01701,5.01701,5.01701,6.3671,1.10416,0,17.6859,7.52552,0,0,1.69268,1.10416,17.8642,8.26148,unsupported,unsupported,0.148412,2.31477,3.85795
RHS 50x30x5,50,30,5,7.5,5,EN10210-2,5.28442,6.73175,1.5,2.5,18.7139,7.48558,7.48558,7.48558,10.029,1.66732,7.88771,5.25848,5.25848,5.25848,6.79724,1.08246,0,18.7139,7.88771,0,0,1.66732,1.08246,18.9699,8.66733,unsupported,unsupported,0.147124,2.52441,4.20734
RHS 50x30x5.6,50,30,5.6,8.4,5.6,EN10210-2,5.78475,7.3691,1.5,2.5,19.7349,7.89396,7.89396,7.89396,10.7624,1.63648,8.22507,5.48338,5.48338,5.48338,7.24611,1.05648,0,19.7349,8.22507,0,0,1.63648,1.05648,20.0757,9.04984,unsupported,unsupported,0.145579,2.76341,4.60569
RHS 50x30x6.3,50,30,6.3,9.45,6.3,EN10210-2,6.33222,8.06652,1.5,2.5,20.6478,8.25913,8.25913,8.25913,11.4999,1.5999,8.4965,5.66433,5.66433,5.66433,7.6796,1.02631,0,20.6478,8.4965,0,0,1.5999,1.02631,21.0665,9.3623,unsupported,unsupported,0.143776,3.02495,5.04158
RHS 50x30x7.1,50,30,7.1,10.65,7.1,EN10210-2,6.91012,8.8027,1.5,2.5,21.3471,8.53884,8.53884,8.53884,12.191,1.55726,8.66372,5.77581,5.77581,5.77581,8.06012,0.992075,0,21.3471,8.66372,0,0,1.55726,0.992075,21.8128,9.55732,unsupported,unsupported,0.141716,3.30101,5.50169
RHS 60x40x2.6,60,40,2.6,3.9,2.6,EN10210-2,3.8128,4.85706,2,3,23.5847,7.86156,7.86156,7.86156,9.64886,2.20358,12.44,6.22,6.22,6.22,7.2566,1.60038,0,23.5847,12.44,0,0,2.20358,1.60038,25.9339,10.039,unsupported,unsupported,0.193304,1.94283,2.91424
RHS 60x40x2.9,60,40,2.9,4.35,2.9,EN10210-2,4.21809,5.37336,2,3,25.7578,8.58594,8.58594,8.58594,10.6026,2.18943,13.539,6.76949,6.76949,6.76949,7.96107,1.58734,0,25.7578,13.539,0,0,2.18943,1.58734,28.4196,10.9168,unsupported,unsupported,0.192532,2.14934,3.22402
RHS 60x40x3,60,40,3,4.5,3,EN10210-2,4.35159,5.54343,2,3,26.4584,8.81948,8.81948,8.81948,10.9134,2.1847,13.891,6.94552,6.94552,6.94552,8.18998,1.58299,0,26.4584,13.891,0,0,2.1847,1.58299,29.2253,11.198,unsupported,unsupported,0.192274,2.21737,3.32606
RHS 60x40x3.2,60,40,3.2,4.8,3.2,EN10210-2,4.61621,5.88052,2,3,27.8244,9.2748,9.2748,9.2748,11.5243,2.17523,14.5742,7.28708,7.28708,7.28708,8.63898,1.57429,0,27.8244,14.5742,0,0,2.17523,1.57429,30.8026,11.7434,unsupported,unsupported,0.191759,2.35221,3.52831
RHS 60x40x3.6,60,40,3.6,5.4,3.6,EN10210-2,5.13589,6.54254,2,3,30.4174,10.1391,10.1391,10.1391,12.7037,2.15619,15.8579,7.92895,7.92895,7.92895,9.50198,1.55686,0,30.4174,15.8579,0,0,2.15619,1.55686,33.8214,12.7687,unsupported,unsupported,0.190729,2.61702,3.92552
RHS 60x40x4,60,40,4,6,4,EN10210-2,5.64283,7.18832,2,3,32.8288,10.9429,10.9429,10.9429,13.8272,2.13705,17.0348,8.51742,8.51742,8.51742,10.3188,1.53941,0,32.8288,17.0348,0,0,2.13705,1.53941,36.66,13.7094,unsupported,unsupported,0.189699,2.87533,4.31299
RHS 60x40x4.5,60,40,4.5,6.75,4.5,EN10210-2,6.25858,7.97272,2,3,35.5947,11.8649,11.8649,11.8649,15.1537,2.11295,18.3615,9.18077,9.18077,9.18077,11.276,1.51758,0,35.5947,18.3615,0,0,2.11295,1.51758,39.9569,14.772,unsupported,unsupported,0.188412,3.18909,4.78363
RHS 60x40x5,60,40,5,7.5,5,EN10210-2,6.85442,8.73175,2,3,38.0925,12.6975,12.6975,12.6975,16.3949,2.08867,19.5346,9.76728,9.76728,9.76728,12.1631,1.49572,0,38.0925,19.5346,0,0,2.08867,1.49572,42.9769,15.7145,unsupported,unsupported,0.187124,3.4927,5.23905
RHS 60x40x5.6,60,40,5.6,8.4,5.6,EN10210-2,7.54315,9.6091,2,3,40.7484,13.5828,13.5828,13.5828,17.7734,2.05927,20.7495,10.3747,10.3747,10.3747,13.1371,1.46947,0,40.7484,20.7495,0,0,2.05927,1.46947,46.2385,16.6954,unsupported,unsupported,0.185579,3.84364,5.76546
RHS 60x40x6.3,60,40,6.3,9.45,6.3,EN10210-2,8.31042,10.5865,2,3,43.3947,14.4649,14.4649,14.4649,19.2313,2.02461,21.9168,10.9584,10.9584,10.9584,14.151,1.43884,0,43.3947,21.9168,0,0,2.02461,1.43884,49.5495,17.6449,unsupported,unsupported,0.183776,4.23461,6.35191
RHS 60x40x7.1,60,40,7.1,10.65,7.1,EN10210-2,9.13952,11.6427,2,3,45.8511,15.2837,15.2837,15.2837,20.7033,1.98449,22.9451,11.4725,11.4725,11.4725,15.1524,1.40384,0,45.8511,22.9451,0,0,1.98449,1.40384,52.6896,18.49,unsupported,unsupported,0.181716,4.65708,6.98562
RHS 60x40x8,60,40,8,12,8,EN10210-2,10.0113,12.7533,2,3,47.9318,15.9773,15.9773,15.9773,22.1175,1.93866,23.7461,11.873,11.873,11.873,16.0842,1.36454,0,47.9318,23.7461,0,0,1.93866,1.36454,55.4137,19.157,unsupported,unsupported,0.179398,5.10131,7.65196
RHS 70x40x2.9,70,40,2.9,4.35,2.9,EN10210-2,4.67339,5.95336,2,3.5,37.7521,10.7863,10.7863,10.7863,13.4343,2.5182,15.5388,7.76942,7.76942,7.76942,9.03697,1.61558,0,37.7521,15.5388,0,0,2.5182,1.61558,35.3995,12.9127,unsupported,unsupported,0.212532,2.16486,3.7885
RHS 70x40x3.2,70,40,3.2,4.8,3.2,EN10210-2,5.11861,6.52052,2,3.5,40.8722,11.6778,11.6778,11.6778,14.6246,2.50364,16.7464,8.3732,8.3732,8.3732,9.81658,1.60258,0,40.8722,16.7464,0,0,2.50364,1.60258,38.3992,13.9105,unsupported,unsupported,0.211759,2.3711,4.14942
RHS 70x40x3.6,70,40,3.6,5.4,3.6,EN10210-2,5.70109,7.26254,2,3.5,44.8167,12.8048,12.8048,12.8048,16.155,2.48414,18.2506,9.1253,9.1253,9.1253,10.8124,1.58524,0,44.8167,18.2506,0,0,2.48414,1.58524,42.2105,15.1544,unsupported,unsupported,0.210729,2.64092,4.62162
RHS 70x40x4,70,40,4,6,4,EN10210-2,6.27083,7.98832,2,3.5,48.5197,13.8628,13.8628,13.8628,17.6213,2.46452,19.6375,9.81875,9.81875,9.81875,11.7588,1.56789,0,48.5197,19.6375,0,0,2.46452,1.56789,45.8081,16.3031,unsupported,unsupported,0.209699,2.90484,5.08348
RHS 70x40x4.5,70,40,4.5,6.75,4.5,EN10210-2,6.96508,8.87272,2,3.5,52.8165,15.0904,15.0904,15.0904,19.365,2.43981,21.2123,10.6061,10.6061,10.6061,12.8735,1.5462,0,52.8165,21.2123,0,0,2.43981,1.5462,50.0074,17.6109,unsupported,unsupported,0.208412,3.22644,5.64627
RHS 70x40x5,70,40,5,7.5,5,EN10210-2,7.63942,9.73175,2,3.5,56.7537,16.2153,16.2153,16.2153,21.0107,2.41491,22.6179,11.3089,11.3089,11.3089,13.9131,1.52451,0,56.7537,22.6179,0,0,2.41491,1.52451,53.8787,18.7826,unsupported,unsupported,0.207124,3.53882,6.19293
RHS 70x40x5.6,70,40,5.6,8.4,5.6,EN10210-2,8.42235,10.7291,2,3.5,61.0174,17.4335,17.4335,17.4335,22.8579,2.38476,24.0921,12.0461,12.0461,12.0461,15.0635,1.4985,0,61.0174,24.0921,0,0,2.38476,1.4985,58.0962,20.0184,unsupported,unsupported,0.205579,3.90149,6.82761
RHS 70x40x6.3,70,40,6.3,9.45,6.3,EN10210-2,9.29952,11.8465,2,3.5,65.3776,18.6793,18.6793,18.6793,24.8395,2.34919,25.5359,12.768,12.768,12.768,16.2741,1.46818,0,65.3776,25.5359,0,0,2.34919,1.46818,62.4335,21.2385,unsupported,unsupported,0.203776,4.30783,7.5387
RHS 70x40x7.1,70,40,7.1,10.65,7.1,EN10210-2,10.2542,13.0627,2,3.5,69.5834,19.881,19.881,19.881,26.8796,2.308,26.8473,13.4236,13.4236,13.4236,17.4883,1.43362,0,69.5834,26.8473,0,0,2.308,1.43362,66.6324,22.3592,unsupported,unsupported,0.201716,4.75007,8.31262
RHS 70x40x8,70,40,8,12,8,EN10210-2,11.2673,14.3533,2,3.5,73.3709,20.9631,20.9631,20.9631,28.8941,2.26093,27.9274,13.9637,13.9637,13.9637,18.6442,1.39489,0,73.3709,27.9274,0,0,2.26093,1.39489,70.4066,23.2961,unsupported,unsupported,0.199398,5.21937,9.1339
RHS 70x40x8.8,70,40,8.8,13.2,8.8,EN10210-2,12.1137,15.4315,2,3.5,75.9415,21.6976,21.6976,21.6976,30.4408,2.21838,28.57,14.285,14.285,14.285,19.4904,1.36067,0,75.9415,28.57,0,0,2.21838,1.36067,72.934,23.8619,unsupported,unsupported,0.197338,5.61144,9.82002
RHS 70x40x10,70,40,10,15,10,EN10210-2,13.2877,16.927,2,3.5,78.4798,22.4228,22.4228,22.4228,32.3414,2.15322,29.0412,14.5206,14.5206,14.5206,20.451,1.30984,0,78.4798,29.0412,0,0,2.15322,1.30984,75.302,24.2791,unsupported,unsupported,0.194248,6.15527,10.7717
RHS 70x50x2.9,70,50,2.9,4.35,2.9,EN10210-2,5.12869,6.53336,2.5,3.5,44.2847,12.6528,12.6528,12.6528,15.3802,2.60351,26.1125,10.445,10.445,10.445,12.1586,1.9992,0,44.2847,26.1125,0,0,2.60351,1.9992,51.9581,16.6277,unsupported,unsupported,0.232532,2.72223,3.81113
RHS 70x50x3.2,70,50,3.2,4.8,3.2,EN10210-2,5.62101,7.16052,2.5,3.5,48.0172,13.7192,13.7192,13.7192,16.7622,2.58956,28.2464,11.2986,11.2986,11.2986,13.2368,1.98614,0,48.0172,28.2464,0,0,2.58956,1.98614,56.5203,17.9699,unsupported,unsupported,0.231759,2.98355,4.17697
RHS 70x50x3.6,70,50,3.6,5.4,3.6,EN10210-2,6.26629,7.98254,2.5,3.5,52.7607,15.0745,15.0745,15.0745,18.5454,2.5709,30.9386,12.3754,12.3754,12.3754,14.6237,1.9687,0,52.7607,30.9386,0,0,2.5709,1.9687,62.3706,19.6614,unsupported,unsupported,0.230729,3.32606,4.65648
RHS 70x50x4,70,50,4,6,4,EN10210-2,6.89883,8.78832,2.5,3.5,57.2424,16.355,16.355,16.355,20.2613,2.55215,33.4601,13.384,13.384,13.384,15.953,1.95124,0,57.2424,33.4601,0,0,2.55215,1.95124,67.9565,21.2443,unsupported,unsupported,0.229699,3.6618,5.12652
RHS 70x50x4.5,70,50,4.5,6.75,4.5,EN10210-2,7.67158,9.77272,2.5,3.5,62.4848,17.8528,17.8528,17.8528,22.3125,2.5286,36.3789,14.5516,14.5516,14.5516,17.5348,1.92938,0,62.4848,36.3789,0,0,2.5286,1.92938,74.5694,23.0763,unsupported,unsupported,0.228412,4.07196,5.70075
RHS 70x50x5,70,50,5,7.5,5,EN10210-2,8.42442,10.7317,2.5,3.5,67.337,19.2391,19.2391,19.2391,24.2607,2.50491,39.0473,15.6189,15.6189,15.6189,19.029,1.90748,0,67.337,39.0473,0,0,2.50491,1.90748,80.7744,24.7517,unsupported,unsupported,0.227124,4.47156,6.26019
RHS 70x50x5.6,70,50,5.6,8.4,5.6,EN10210-2,9.30155,11.8491,2.5,3.5,72.6593,20.7598,20.7598,20.7598,26.4643,2.4763,41.9312,16.7725,16.7725,16.7725,20.708,1.88116,0,72.6593,41.9312,0,0,2.4763,1.88116,87.6859,26.5651,unsupported,unsupported,0.225579,4.93713,6.91198
RHS 70x50x6.3,70,50,6.3,9.45,6.3,EN10210-2,10.2886,13.1065,2.5,3.5,78.201,22.3431,22.3431,22.3431,28.8526,2.44266,44.8766,17.9506,17.9506,17.9506,22.5123,1.8504,0,78.201,44.8766,0,0,2.44266,1.8504,95.0181,28.4222,unsupported,unsupported,0.223776,5.46105,7.64547
RHS 70x50x7.1,70,50,7.1,10.65,7.1,EN10210-2,11.3689,14.4827,2.5,3.5,83.6883,23.9109,23.9109,23.9109,31.3455,2.40385,47.7195,19.0878,19.0878,19.0878,24.3746,1.8152,0,83.6883,47.7195,0,0,2.40385,1.8152,102.442,30.2233,unsupported,unsupported,0.221716,6.03446,8.44824
RHS 70x50x8,70,50,8,12,8,EN10210-2,12.5233,15.9533,2.5,3.5,88.8322,25.3806,25.3806,25.3806,33.8541,2.35972,50.2933,20.1173,20.1173,20.1173,26.2208,1.77554,0,88.8322,50.2933,0,0,2.35972,1.77554,109.589,31.8653,unsupported,unsupported,0.219398,6.6472,9.30608
RHS 70x50x8.8,70,50,8.8,13.2,8.8,EN10210-2,13.4953,17.1915,2.5,3.5,92.535,26.4386,26.4386,26.4386,35.8264,2.32005,52.0649,20.826,20.826,20.826,27.6461,1.74027,0,92.535,52.0649,0,0,2.32005,1.74027,114.882,33.0053,unsupported,unsupported,0.217338,7.16311,10.0284
RHS 70x50x10,70,50,10,15,10,EN10210-2,14.8577,18.927,2.5,3.5,96.6464,27.6133,27.6133,27.6133,38.3414,2.25971,53.8905,21.5562,21.5562,21.5562,29.4145,1.68739,0,96.6464,53.8905,0,0,2.25971,1.68739,120.977,34.1915,unsupported,unsupported,0.214248,7.88625,11.0407
RHS 70x50x11,70,50,11,16.5,11,EN10210-2,15.9054,20.2617,2.5,3.5,98.8362,28.2389,28.2389,28.2389,40.0414,2.20862,54.7231,21.8892,21.8892,21.8892,30.5597,1.64342,0,98.8362,54.7231,0,0,2.20862,1.64342,124.392,34.7349,unsupported,unsupported,0.211673,8.44236,11.8193
RHS 70x50x12.5,70,50,12.5,18.75,12.5,EN10210-2,17.3276,22.0734,2.5,3.5,100.192,28.6263,28.6263,28.6263,41.9386,2.1305,54.9507,21.9803,21.9803,21.9803,31.7402,1.5778,0,100.192,54.9507,0,0,2.1305,1.5778,126.743,34.8577,unsupported,unsupported,0.20781,9.19726,12.8762
RHS 80x40x2.9,80,40,2.9,4.35,2.9,EN10210-2,5.12869,6.53336,2,4,52.7231,13.1808,13.1808,13.1808,16.556,2.84074,17.5387,8.76935,8.76935,8.76935,10.1129,1.63844,0,52.7231,17.5387,0,0,2.84074,1.63844,42.5629,14.9095,unsupported,unsupported,0.232532,2.17779,4.35557
RHS 80x40x3.2,80,40,3.2,4.8,3.2,EN10210-2,5.62101,7.16052,2,4,57.1802,14.295,14.295,14.295,18.0448,2.82586,18.9186,9.45932,9.45932,9.45932,10.9942,1.62545,0,57.1802,18.9186,0,0,2.82586,1.62545,46.1941,16.0789,unsupported,unsupported,0.231759,2.38684,4.77368
RHS 80x40x3.6,80,40,3.6,5.4,3.6,EN10210-2,6.26629,7.98254,2,4,62.8474,15.7118,15.7118,15.7118,19.9663,2.80591,20.6433,10.3217,10.3217,10.3217,12.1228,1.60812,0,62.8474,20.6433,0,0,2.80591,1.60812,50.8165,17.542,unsupported,unsupported,0.230729,2.66085,5.32169
RHS 80x40x4,80,40,4,6,4,EN10210-2,6.89883,8.78832,2,4,68.2048,17.0512,17.0512,17.0512,21.8155,2.78583,22.2402,11.1201,11.1201,11.1201,13.1988,1.5908,0,68.2048,22.2402,0,0,2.78583,1.5908,55.1907,18.8991,unsupported,unsupported,0.229699,2.92944,5.85888
RHS 80x40x4.5,80,40,4.5,6.75,4.5,EN10210-2,7.67158,9.77272,2,4,74.4747,18.6187,18.6187,18.6187,24.0264,2.76056,24.063,12.0315,12.0315,12.0315,14.471,1.56916,0,74.4747,24.063,0,0,2.76056,1.56916,60.3126,20.4528,unsupported,unsupported,0.228412,3.25757,6.51514
RHS 80x40x5,80,40,5,7.5,5,EN10210-2,8.42442,10.7317,2,4,80.2807,20.0702,20.0702,20.0702,26.1266,2.73508,25.7012,12.8506,12.8506,12.8506,15.6631,1.54754,0,80.2807,25.7012,0,0,2.73508,1.54754,65.0542,21.8547,unsupported,unsupported,0.227124,3.57725,7.1545
RHS 80x40x5.6,80,40,5.6,8.4,5.6,EN10210-2,9.30155,11.8491,2,4,86.6509,21.6627,21.6627,21.6627,28.5025,2.70423,27.4348,13.7174,13.7174,13.7174,16.9899,1.52163,0,86.6509,27.4348,0,0,2.70423,1.52163,70.2483,23.3465,unsupported,unsupported,0.225579,3.9497,7.8994
RHS 80x40x6.3,80,40,6.3,9.45,6.3,EN10210-2,10.2886,13.1065,2,4,93.2838,23.3209,23.3209,23.3209,31.0778,2.66784,29.155,14.5775,14.5775,14.5775,18.3972,1.49146,0,93.2838,29.155,0,0,2.66784,1.49146,75.6339,24.8387,unsupported,unsupported,0.223776,4.36884,8.73768
RHS 80x40x7.1,80,40,7.1,10.65,7.1,EN10210-2,11.3689,14.4827,2,4,99.847,24.9618,24.9618,24.9618,33.766,2.62569,30.7495,15.3747,15.3747,15.3747,19.8242,1.45712,0,99.847,30.7495,0,0,2.62569,1.45712,80.9145,26.2372,unsupported,unsupported,0.221716,4.82757,9.65513
RHS 80x40x8,80,40,8,12,8,EN10210-2,12.5233,15.9533,2,4,105.987,26.4967,26.4967,26.4967,36.4707,2.57751,32.1088,16.0544,16.0544,16.0544,21.2042,1.41869,0,105.987,32.1088,0,0,2.57751,1.41869,85.7627,27.4465,unsupported,unsupported,0.219398,5.31776,10.6355
RHS 80x40x8.8,80,40,8.8,13.2,8.8,EN10210-2,13.4953,17.1915,2,4,110.387,27.5967,27.5967,27.5967,38.5965,2.53397,32.9667,16.4834,16.4834,16.4834,22.236,1.38478,0,110.387,32.9667,0,0,2.53397,1.38478,89.1226,28.2212,unsupported,unsupported,0.217338,5.73049,11.461
RHS 80x40x10,80,40,10,15,10,EN10210-2,14.8577,18.927,2,4,115.22,28.8049,28.8049,28.8049,41.3049,2.4673,33.7078,16.8539,16.8539,16.8539,23.451,1.33452,0,115.22,33.7078,0,0,2.4673,1.33452,92.535,28.8976,unsupported,unsupported,0.214248,6.309,12.618
RHS 80x50x3.2,80,50,3.2,4.8,3.2,EN10210-2,6.12341,7.80052,2.5,4,66.6228,16.6557,16.6557,16.6557,20.5024,2.92247,31.7563,12.7025,12.7025,12.7025,14.7344,2.01768,0,66.6228,31.7563,0,0,2.92247,2.01768,68.5413,20.7725,unsupported,unsupported,0.251759,3.0002,4.80032
RHS 80x50x3.6,80,50,3.6,5.4,3.6,EN10210-2,6.83149,8.70254,2.5,4,73.3617,18.3404,18.3404,18.3404,22.7167,2.90343,34.8217,13.9287,13.9287,13.9287,16.2941,2.00033,0,73.3617,34.8217,0,0,2.90343,2.00033,75.6999,22.7606,unsupported,unsupported,0.250729,3.34713,5.35541
RHS 80x50x4,80,50,4,6,4,EN10210-2,7.52683,9.58832,2.5,4,79.7675,19.9419,19.9419,19.9419,24.8555,2.88431,37.7028,15.0811,15.0811,15.0811,17.793,1.98297,0,79.7675,37.7028,0,0,2.88431,1.98297,82.5522,24.629,unsupported,unsupported,0.249699,3.68781,5.9005
RHS 80x50x4.5,80,50,4.5,6.75,4.5,EN10210-2,8.37808,10.6727,2.5,4,87.3155,21.8289,21.8289,21.8289,27.4239,2.86028,41.0522,16.4209,16.4209,16.4209,19.5823,1.96124,0,87.3155,41.0522,0,0,2.86028,1.96124,90.6897,26.8022,unsupported,unsupported,0.248412,4.10489,6.56783
RHS 80x50x5,80,50,5,7.5,5,EN10210-2,9.20942,11.7317,2.5,4,94.364,23.591,23.591,23.591,29.8766,2.8361,44.1306,17.6522,17.6522,17.6522,21.279,1.93949,0,94.364,44.1306,0,0,2.8361,1.93949,98.355,28.8019,unsupported,unsupported,0.247124,4.51221,7.21954
RHS 80x50x5.6,80,50,5.6,8.4,5.6,EN10210-2,10.1807,12.9691,2.5,4,102.179,25.5448,25.5448,25.5448,32.6689,2.8069,47.4803,18.9921,18.9921,18.9921,23.1944,1.91338,0,102.179,47.4803,0,0,2.8069,1.91338,106.935,30.9827,unsupported,unsupported,0.245579,4.98812,7.98099
RHS 80x50x6.3,80,50,6.3,9.45,6.3,EN10210-2,11.2777,14.3665,2.5,4,110.435,27.6088,27.6088,27.6088,35.7209,2.77254,50.9338,20.3735,20.3735,20.3735,25.2654,1.8829,0,110.435,50.9338,0,0,2.77254,1.8829,116.1,33.2395,unsupported,unsupported,0.243776,5.52559,8.84094
RHS 80x50x7.1,80,50,7.1,10.65,7.1,EN10210-2,12.4836,15.9027,2.5,4,118.773,29.6932,29.6932,29.6932,38.9419,2.7329,54.3126,21.7251,21.7251,21.7251,27.4205,1.84806,0,118.773,54.3126,0,0,2.7329,1.84806,125.472,35.4603,unsupported,unsupported,0.241716,6.11642,9.78627
RHS 80x50x8,80,50,8,12,8,EN10210-2,13.7793,17.5533,2.5,4,126.808,31.702,31.702,31.702,42.2307,2.68778,57.4346,22.9738,22.9738,22.9738,29.5808,1.80887,0,126.808,57.4346,0,0,2.68778,1.80887,134.626,37.5296,unsupported,unsupported,0.239398,6.75126,10.802
RHS 80x50x8.8,80,50,8.8,13.2,8.8,EN10210-2,14.8769,18.9515,2.5,4,132.806,33.2015,33.2015,33.2015,44.8621,2.6472,59.6473,23.8589,23.8589,23.8589,31.2717,1.77408,0,132.806,59.6473,0,0,2.6472,1.77408,141.544,39.0111,unsupported,unsupported,0.237338,7.28902,11.6624
RHS 80x50x10,80,50,10,15,10,EN10210-2,16.4277,20.927,2.5,4,139.886,34.9716,34.9716,34.9716,48.3049,2.58544,62.0572,24.8229,24.8229,24.8229,33.4145,1.72204,0,139.886,62.0572,0,0,2.58544,1.72204,149.801,40.6463,unsupported,unsupported,0.234248,8.04884,12.8781
RHS 80x50x11,80,50,11,16.5,11,EN10210-2,17.6324,22.4617,2.5,4,144.126,36.0316,36.0316,36.0316,50.7222,2.53309,63.3104,25.3242,25.3242,25.3242,34.8497,1.67887,0,144.126,63.3104,0,0,2.53309,1.67887,154.773,41.5089,unsupported,unsupported,0.231673,8.6391,13.8226
RHS 80x50x12.5,80,50,12.5,18.75,12.5,EN10210-2,19.2901,24.5734,2.5,4,147.857,36.9643,36.9643,36.9643,53.6003,2.45295,64.0653,25.6261,25.6261,25.6261,36.4277,1.61465,0,147.857,64.0653,0,0,2.45295,1.61465,159.058,42.024,unsupported,unsupported,0.22781,9.45132,15.1221
RHS 80x60x3.2,80,60,3.2,4.8,3.2,EN10210-2,6.62581,8.44052,3,4,76.0655,19.0164,19.0164,19.0164,22.96,3.00199,48.4942,16.1647,16.1647,16.1647,18.7947,2.39696,0,76.0655,48.4942,0,0,3.00199,2.39696,93.2583,25.4753,unsupported,unsupported,0.271759,3.61737,4.82316
RHS 80x60x3.6,80,60,3.6,5.4,3.6,EN10210-2,7.39669,9.42254,3,4,83.876,20.969,20.969,20.969,25.4671,2.98356,53.3514,17.7838,17.7838,17.7838,20.8253,2.37952,0,83.876,53.3514,0,0,2.98356,2.37952,103.247,27.9922,unsupported,unsupported,0.270729,4.03823,5.38431
RHS 80x60x4,80,60,4,6,4,EN10210-2,8.15483,10.3883,3,4,91.3301,22.8325,22.8325,22.8325,27.8955,2.96507,57.9595,19.3198,19.3198,19.3198,22.7872,2.36205,0,91.3301,57.9595,0,0,2.96507,2.36205,112.872,30.3762,unsupported,unsupported,0.269699,4.45214,5.93618
RHS 80x60x4.5,80,60,4.5,6.75,4.5,EN10210-2,9.08458,11.5727,3,4,100.156,25.0391,25.0391,25.0391,30.8214,2.94186,63.3777,21.1259,21.1259,21.1259,25.1437,2.34019,0,100.156,63.3777,0,0,2.94186,2.34019,124.393,33.1756,unsupported,unsupported,0.268412,4.95974,6.61298
RHS 80x60x5,80,60,5,7.5,5,EN10210-2,9.99442,12.7317,3,4,108.447,27.1118,27.1118,27.1118,33.6266,2.91854,68.4259,22.8086,22.8086,22.8086,27.3949,2.31828,0,108.447,68.4259,0,0,2.91854,2.31828,135.352,35.7812,unsupported,unsupported,0.267124,5.45646,7.27528
RHS 80x60x5.6,80,60,5.6,8.4,5.6,EN10210-2,11.0599,14.0891,3,4,117.707,29.4269,29.4269,29.4269,36.8353,2.89042,74.0103,24.6701,24.6701,24.6701,29.959,2.29195,0,117.707,74.0103,0,0,2.89042,2.29195,147.763,38.6625,unsupported,unsupported,0.265579,6.03819,8.05092
RHS 80x60x6.3,80,60,6.3,9.45,6.3,EN10210-2,12.2668,15.6265,3,4,127.587,31.8967,31.8967,31.8967,40.364,2.8574,79.8959,26.632,26.632,26.632,32.7637,2.26116,0,127.587,79.8959,0,0,2.8574,2.26116,161.232,41.7002,unsupported,unsupported,0.263776,6.69708,8.92944
RHS 80x60x7.1,80,60,7.1,10.65,7.1,EN10210-2,13.5983,17.3227,3,4,137.699,34.4247,34.4247,34.4247,44.1178,2.8194,85.8272,28.6091,28.6091,28.6091,35.7269,2.22589,0,137.699,85.8272,0,0,2.8194,2.22589,175.301,44.7663,unsupported,unsupported,0.261716,7.42401,9.89868
RHS 80x60x8,80,60,8,12,8,EN10210-2,15.0353,19.1533,3,4,147.629,36.9073,36.9073,36.9073,47.9907,2.77629,91.5371,30.5124,30.5124,30.5124,38.7575,2.18614,0,147.629,91.5371,0,0,2.77629,2.18614,189.455,47.7271,unsupported,unsupported,0.259398,8.20855,10.9447
RHS 80x60x8.8,80,60,8.8,13.2,8.8,EN10210-2,16.2585,20.7115,3,4,155.225,38.8063,38.8063,38.8063,51.1277,2.73763,95.8035,31.9345,31.9345,31.9345,41.1875,2.15073,0,155.225,95.8035,0,0,2.73763,2.15073,200.561,49.9491,unsupported,unsupported,0.257338,8.87634,11.8351
RHS 80x60x10,80,60,10,15,10,EN10210-2,17.9977,22.927,3,4,164.553,41.1382,41.1382,41.1382,55.3049,2.67904,100.87,33.6234,33.6234,33.6234,44.3779,2.09753,0,164.553,100.87,0,0,2.67904,2.09753,214.645,52.6047,unsupported,unsupported,0.254248,9.82585,13.1011
RHS 80x60x11,80,60,11,16.5,11,EN10210-2,19.3594,24.6617,3,4,170.534,42.6334,42.6334,42.6334,58.3122,2.62963,103.959,34.653,34.653,34.653,46.6306,2.05315,0,170.534,103.959,0,0,2.62963,2.05315,224.045,54.2365,unsupported,unsupported,0.251673,10.5693,14.0924
RHS 80x60x12.5,80,60,12.5,18.75,12.5,EN10210-2,21.2526,27.0734,3,4,176.659,44.1648,44.1648,44.1648,62.0378,2.55445,106.845,35.6149,35.6149,35.6149,49.3394,1.98657,0,176.659,106.845,0,0,2.55445,1.98657,234.221,55.769,unsupported,unsupported,0.24781,11.6029,15.4705
RHS 90x50x3.2,90,50,3.2,4.8,3.2,EN10210-2,6.62581,8.44052,2.5,4.5,89.1287,19.8064,19.8064,19.8064,24.5627,3.24956,35.2661,14.1065,14.1065,14.1065,16.232,2.04406,0,89.1287,35.2661,0,0,3.24956,2.04406,80.8724,23.5762,unsupported,unsupported,0.271759,3.01447,5.42605
RHS 90x50x3.6,90,50,3.6,5.4,3.6,EN10210-2,7.39669,9.42254,2.5,4.5,98.314,21.8475,21.8475,21.8475,27.2479,3.23016,38.7048,15.4819,15.4819,15.4819,17.9645,2.02674,0,98.314,38.7048,0,0,3.23016,2.02674,89.371,25.8615,unsupported,unsupported,0.270729,3.36519,6.05735
RHS 90x50x4,90,50,4,6,4,EN10210-2,8.15483,10.3883,2.5,4.5,107.087,23.797,23.797,23.797,29.8496,3.21067,41.9454,16.7782,16.7782,16.7782,19.633,2.00942,0,107.087,41.9454,0,0,3.21067,2.00942,97.5199,28.0158,unsupported,unsupported,0.269699,3.71011,6.6782
RHS 90x50x4.5,90,50,4.5,6.75,4.5,EN10210-2,9.08458,11.5727,2.5,4.5,117.483,26.1072,26.1072,26.1072,32.9852,3.18617,45.7254,18.2902,18.2902,18.2902,21.6298,1.98775,0,117.483,45.7254,0,0,3.18617,1.98775,107.218,30.5309,unsupported,unsupported,0.268412,4.13311,7.4396
RHS 90x50x5,90,50,5,7.5,5,EN10210-2,9.99442,12.7317,2.5,4.5,127.257,28.2793,28.2793,28.2793,35.9925,3.16153,49.2139,19.6856,19.6856,19.6856,23.529,1.96608,0,127.257,49.2139,0,0,3.16153,1.96608,116.377,32.8558,unsupported,unsupported,0.267124,4.54705,8.18469
RHS 90x50x5.6,90,50,5.6,8.4,5.6,EN10210-2,11.0599,14.0891,2.5,4.5,138.184,30.7075,30.7075,30.7075,39.4334,3.13175,53.0294,21.2118,21.2118,21.2118,25.6808,1.94007,0,138.184,53.0294,0,0,3.13175,1.94007,126.664,35.4052,unsupported,unsupported,0.265579,5.03182,9.05728
RHS 90x50x6.3,90,50,6.3,9.45,6.3,EN10210-2,12.2668,15.6265,2.5,4.5,149.853,33.3006,33.3006,33.3006,43.2192,3.09672,56.991,22.7964,22.7964,22.7964,28.0185,1.90973,0,149.853,56.991,0,0,3.09672,1.90973,137.704,38.0632,unsupported,unsupported,0.263776,5.5809,10.0456
RHS 90x50x7.1,90,50,7.1,10.65,7.1,EN10210-2,13.5983,17.3227,2.5,4.5,161.809,35.9575,35.9575,35.9575,47.2482,3.05628,60.9058,24.3623,24.3623,24.3623,30.4664,1.87509,0,161.809,60.9058,0,0,3.05628,1.87509,149.068,40.706,unsupported,unsupported,0.261716,6.18668,11.136
RHS 90x50x8,90,50,8,12,8,EN10210-2,15.0353,19.1533,2.5,4.5,173.56,38.569,38.569,38.569,51.4074,3.01026,64.5759,25.8304,25.8304,25.8304,32.9408,1.83617,0,173.56,64.5759,0,0,3.01026,1.83617,160.275,43.2052,unsupported,unsupported,0.259398,6.84046,12.3128
RHS 90x50x8.8,90,50,8.8,13.2,8.8,EN10210-2,16.2585,20.7115,2.5,4.5,182.553,40.5672,40.5672,40.5672,54.7779,2.96885,67.2296,26.8918,26.8918,26.8918,34.8973,1.80167,0,182.553,67.2296,0,0,2.96885,1.80167,168.855,45.0312,unsupported,unsupported,0.257338,7.39695,13.3145
RHS 90x50x10,90,50,10,15,10,EN10210-2,17.9977,22.927,2.5,4.5,193.59,43.0199,43.0199,43.0199,59.2684,2.90581,70.2239,28.0895,28.0895,28.0895,37.4145,1.75012,0,193.59,70.2239,0,0,2.90581,1.75012,179.328,47.1199,unsupported,unsupported,0.254248,8.18821,14.7388
RHS 90x50x11,90,50,11,16.5,11,EN10210-2,19.3594,24.6617,2.5,4.5,200.647,44.5883,44.5883,44.5883,62.503,2.85237,71.8978,28.7591,28.7591,28.7591,39.1397,1.70744,0,200.647,71.8978,0,0,2.85237,1.70744,185.902,48.3063,unsupported,unsupported,0.251673,8.80774,15.8539
RHS 90x50x12.5,90,50,12.5,18.75,12.5,EN10210-2,21.2526,27.0734,2.5,4.5,207.809,46.1798,46.1798,46.1798,66.512,2.77052,73.1799,29.272,29.272,29.272,41.1152,1.64409,0,207.809,73.1799,0,0,2.77052,1.64409,192.189,49.2218,unsupported,unsupported,0.24781,9.66908,17.4043
RHS 100x50x3,100,50,3,4.5,3,EN10210-2,6.70659,8.54343,2.5,5,109.604,21.9208,21.9208,21.9208,27.3103,3.58176,36.7889,14.7156,14.7156,14.7156,16.7517,2.07512,0,109.604,36.7889,0,0,3.58176,2.07512,88.3671,25.0347,unsupported,unsupported,0.292274,2.84781,5.69562
RHS 100x50x3.2,100,50,3.2,4.8,3.2,EN10210-2,7.12821,9.08052,2.5,5,115.855,23.171,23.171,23.171,28.9429,3.57192,38.776,15.5104,15.5104,15.5104,17.7296,2.06645,0,115.855,38.776,0,0,3.57192,2.06645,93.4473,26.3808,unsupported,unsupported,0.291759,3.02684,6.05368
RHS 100x50x3.6,100,50,3.6,5.4,3.6,EN10210-2,7.96189,10.1425,2.5,5,127.978,25.5955,25.5955,25.5955,32.1392,3.55217,42.5879,17.0352,17.0352,17.0352,19.6349,2.04913,0,127.978,42.5879,0,0,3.55217,2.04913,103.31,28.9635,unsupported,unsupported,0.290729,3.38085,6.76169
RHS 100x50x4,100,50,4,6,4,EN10210-2,8.78283,11.1883,2.5,5,139.6,27.92,27.92,27.92,35.2438,3.53232,46.1881,18.4752,18.4752,18.4752,21.473,2.03181,0,139.6,46.1881,0,0,3.53232,2.03181,112.778,31.4041,unsupported,unsupported,0.289699,3.72944,7.45888
RHS 100x50x4.5,100,50,4.5,6.75,4.5,EN10210-2,9.79108,12.4727,2.5,5,153.436,30.6872,30.6872,30.6872,38.9966,3.50738,50.3987,20.1595,20.1595,20.1595,23.6773,2.01015,0,153.436,50.3987,0,0,3.50738,2.01015,124.064,34.2617,unsupported,unsupported,0.288412,4.15757,8.31514
RHS 100x50x5,100,50,5,7.5,5,EN10210-2,10.7794,13.7317,2.5,5,166.516,33.3031,33.3031,33.3031,42.6084,3.48229,54.2973,21.7189,21.7189,21.7189,25.779,1.9885,0,166.516,54.2973,0,0,3.48229,1.9885,134.743,36.9124,unsupported,unsupported,0.287124,4.57725,9.1545
RHS 100x50x5.6,100,50,5.6,8.4,5.6,EN10210-2,11.9391,15.2091,2.5,5,181.233,36.2465,36.2465,36.2465,46.758,3.45197,58.5785,23.4314,23.4314,23.4314,28.1672,1.96253,0,181.233,58.5785,0,0,3.45197,1.96253,146.765,39.8312,unsupported,unsupported,0.285579,5.0697,10.1394
RHS 100x50x6.3,100,50,6.3,9.45,6.3,EN10210-2,13.2559,16.8865,2.5,5,197.084,39.4167,39.4167,39.4167,51.3474,3.41629,63.0482,25.2193,25.2193,25.2193,30.7716,1.93226,0,197.084,63.0482,0,0,3.41629,1.93226,159.71,42.8915,unsupported,unsupported,0.283776,5.62884,11.2577
RHS 100x50x7.1,100,50,7.1,10.65,7.1,EN10210-2,14.713,18.7427,2.5,5,213.506,42.7012,42.7012,42.7012,56.2646,3.37512,67.4989,26.9995,26.9995,26.9995,33.5123,1.89772,0,213.506,67.4989,0,0,3.37512,1.89772,173.097,45.9576,unsupported,unsupported,0.281716,6.24757,12.4951
RHS 100x50x8,100,50,8,12,8,EN10210-2,16.2913,20.7533,2.5,5,229.889,45.9779,45.9779,45.9779,61.384,3.32825,71.7173,28.6869,28.6869,28.6869,36.3008,1.85895,0,229.889,71.7173,0,0,3.32825,1.85895,186.388,48.8887,unsupported,unsupported,0.279398,6.91776,13.8355
RHS 100x50x8.8,100,50,8.8,13.2,8.8,EN10210-2,17.6401,22.4715,2.5,5,242.655,48.531,48.531,48.531,65.5736,3.28609,74.8119,29.9248,29.9248,29.9248,38.5229,1.82461,0,242.655,74.8119,0,0,3.28609,1.82461,196.656,51.0609,unsupported,unsupported,0.277338,7.49049,14.981
RHS 100x50x10,100,50,10,15,10,EN10210-2,19.5677,24.927,2.5,5,258.756,51.7513,51.7513,51.7513,71.2319,3.22189,78.3905,31.3562,31.3562,31.3562,41.4145,1.77336,0,258.756,78.3905,0,0,3.22189,1.77336,209.382,53.6064,unsupported,unsupported,0.274248,8.309,16.618
RHS 100x50x11,100,50,11,16.5,11,EN10210-2,21.0864,26.8617,2.5,5,269.499,53.8998,53.8998,53.8998,75.3839,3.16747,80.4851,32.194,32.194,32.194,43.4297,1.73098,0,269.499,80.4851,0,0,3.16747,1.73098,217.585,55.1196,unsupported,unsupported,0.271673,8.95389,17.9078
RHS 100x50x12.5,100,50,12.5,18.75,12.5,EN10210-2,23.2151,29.5734,2.5,5,281.298,56.2596,56.2596,56.2596,80.6737,3.08413,82.2945,32.9178,32.9178,32.9178,45.8027,1.66815,0,281.298,82.2945,0,0,3.08413,1.66815,225.916,56.4407,unsupported,unsupported,0.26781,9.85781,19.7156
RHS 100x60x3.2,100,60,3.2,4.8,3.2,EN10210-2,7.63061,9.72052,3,5,130.853,26.1705,26.1705,26.1705,32.0405,3.66899,58.8291,19.6097,19.6097,19.6097,22.4299,2.46009,0,130.853,58.8291,0,0,3.66899,2.46009,128.526,32.3558,unsupported,unsupported,0.311759,3.6452,6.07533
RHS 100x60x3.6,100,60,3.6,5.4,3.6,EN10210-2,8.52709,10.8625,3,5,144.713,28.9425,28.9425,28.9425,35.6096,3.64996,64.8184,21.6061,21.6061,21.6061,24.8861,2.44278,0,144.713,64.8184,0,0,3.64996,2.44278,142.454,35.6239,unsupported,unsupported,0.310729,4.07345,6.78909
RHS 100x60x4,100,60,4,6,4,EN10210-2,9.41083,11.9883,3,5,158.043,31.6086,31.6086,31.6086,39.0838,3.63085,70.5248,23.5083,23.5083,23.5083,27.2672,2.42545,0,158.043,70.5248,0,0,3.63085,2.42545,155.916,38.736,unsupported,unsupported,0.309699,4.49562,7.4927
RHS 100x60x4.5,100,60,4.5,6.75,4.5,EN10210-2,10.4976,13.3727,3,5,173.972,34.7943,34.7943,34.7943,43.2941,3.60686,77.2692,25.7564,25.7564,25.7564,30.1387,2.40377,0,173.972,77.2692,0,0,3.60686,2.40377,172.091,42.4133,unsupported,unsupported,0.308412,5.01477,8.35795
RHS 100x60x5,100,60,5,7.5,5,EN10210-2,11.5644,14.7317,3,5,189.099,37.8198,37.8198,37.8198,47.3584,3.58276,83.5925,27.8642,27.8642,27.8642,32.8949,2.38208,0,189.099,83.5925,0,0,3.58276,2.38208,187.546,45.8619,unsupported,unsupported,0.307124,5.52441,9.20734
RHS 100x60x5.6,100,60,5.6,8.4,5.6,EN10210-2,12.8183,16.3291,3,5,206.214,41.2428,41.2428,41.2428,52.0444,3.55367,90.6413,30.2138,30.2138,30.2138,36.0518,2.35604,0,206.214,90.6413,0,0,3.55367,2.35604,205.149,49.7094,unsupported,unsupported,0.305579,6.12341,10.2057
RHS 100x60x6.3,100,60,6.3,9.45,6.3,EN10210-2,14.245,18.1465,3,5,224.781,44.9563,44.9563,44.9563,57.2505,3.51952,98.1465,32.7155,32.7155,32.7155,39.5299,2.32563,0,224.781,98.1465,0,0,3.51952,2.32563,224.394,53.8135,unsupported,unsupported,0.303776,6.80495,11.3416
RHS 100x60x7.1,100,60,7.1,10.65,7.1,EN10210-2,15.8277,20.1627,3,5,244.204,48.8407,48.8407,48.8407,62.8605,3.48018,105.815,35.2717,35.2717,35.2717,43.2387,2.29087,0,244.204,105.815,0,0,3.48018,2.29087,244.703,58.0201,unsupported,unsupported,0.301716,7.56101,12.6017
RHS 100x60x8,100,60,8,12,8,EN10210-2,17.5473,22.3533,3,5,263.831,52.7662,52.7662,52.7662,68.744,3.43552,113.34,37.7799,37.7799,37.7799,47.0775,2.25175,0,263.831,113.34,0,0,3.43552,2.25175,265.421,62.1678,unsupported,unsupported,0.299398,8.38248,13.9708
RHS 100x60x8.8,100,60,8.8,13.2,8.8,EN10210-2,19.0217,24.2315,3,5,279.365,55.8731,55.8731,55.8731,73.5992,3.39544,119.099,39.6998,39.6998,39.6998,50.1987,2.217,0,279.365,119.099,0,0,3.39544,2.217,281.965,65.3626,unsupported,unsupported,0.297338,9.0868,15.1447
RHS 100x60x10,100,60,10,15,10,EN10210-2,21.1377,26.927,3,5,299.423,59.8846,59.8846,59.8846,80.2319,3.33464,126.203,42.0678,42.0678,42.0678,54.3779,2.16492,0,299.423,126.203,0,0,3.33464,2.16492,303.518,69.3386,unsupported,unsupported,0.294248,10.0976,16.8294
RHS 100x60x11,100,60,11,16.5,11,EN10210-2,22.8134,29.0617,3,5,313.286,62.6573,62.6573,62.6573,85.1739,3.2833,130.814,43.6045,43.6045,43.6045,57.4106,2.12161,0,313.286,130.814,0,0,3.2833,2.12161,318.528,71.9495,unsupported,unsupported,0.291673,10.8981,18.1635
RHS 100x60x12.5,100,60,12.5,18.75,12.5,EN10210-2,25.1776,32.0734,3,5,329.475,65.895,65.895,65.895,91.6112,3.20508,135.699,45.2329,45.2329,45.2329,61.2144,2.05691,0,329.475,135.699,0,0,3.20508,2.05691,336.101,74.7561,unsupported,unsupported,0.28781,12.0275,20.0459
RHS 100x80x3.6,100,80,3.6,5.4,3.6,EN10210-2,9.65749,12.3025,4,5,178.183,35.6366,35.6366,35.6366,42.5504,3.80571,125.933,31.4833,31.4833,31.4833,36.4687,3.19943,0,178.183,125.933,0,0,3.80571,3.19943,230.614,48.97,unsupported,unsupported,0.350729,5.46779,6.83474
RHS 100x80x4,100,80,4,6,4,EN10210-2,10.6668,13.5883,4,5,194.928,38.9856,38.9856,38.9856,46.7638,3.78751,137.581,34.3952,34.3952,34.3952,40.0555,3.18197,0,194.928,137.581,0,0,3.78751,3.18197,253.149,53.4338,unsupported,unsupported,0.349699,6.03925,7.54907
RHS 100x80x4.5,100,80,4.5,6.75,4.5,EN10210-2,11.9106,15.1727,4,5,215.043,43.0086,43.0086,43.0086,51.8891,3.76471,151.519,37.8798,37.8798,37.8798,44.4114,3.16011,0,215.043,151.519,0,0,3.76471,3.16011,280.462,58.7639,unsupported,unsupported,0.348412,6.74343,8.42929
RHS 100x80x5,100,80,5,7.5,5,EN10210-2,13.1344,16.7317,4,5,234.266,46.8531,46.8531,46.8531,56.8584,3.74183,164.781,41.1952,41.1952,41.1952,48.6266,3.13821,0,234.266,164.781,0,0,3.74183,3.13821,306.829,63.8245,unsupported,unsupported,0.347124,7.43633,9.29542
RHS 100x80x5.6,100,80,5.6,8.4,5.6,EN10210-2,14.5767,18.5691,4,5,256.176,51.2352,51.2352,51.2352,62.6172,3.71427,179.821,44.9551,44.9551,44.9551,53.5009,3.11189,0,256.176,179.821,0,0,3.71427,3.11189,337.226,69.5527,unsupported,unsupported,0.345579,8.25294,10.3162
RHS 100x80x6.3,100,80,6.3,9.45,6.3,EN10210-2,16.2232,20.6665,4,5,280.177,56.0353,56.0353,56.0353,69.0567,3.68199,196.193,49.0482,49.0482,49.0482,58.9364,3.08111,0,280.177,196.193,0,0,3.68199,3.08111,370.984,75.7772,unsupported,unsupported,0.343776,9.18512,11.4814
RHS 100x80x7.1,100,80,7.1,10.65,7.1,EN10210-2,18.0571,23.0027,4,5,305.599,61.1197,61.1197,61.1197,76.0523,3.64491,213.402,53.3505,53.3505,53.3505,64.8214,3.04586,0,305.599,213.402,0,0,3.64491,3.04586,407.33,82.311,unsupported,unsupported,0.341716,10.2234,12.7793
RHS 100x80x8,100,80,8,12,8,EN10210-2,20.0593,25.5533,4,5,331.713,66.3427,66.3427,66.3427,83.464,3.60295,230.915,57.7287,57.7287,57.7287,71.0307,3.00609,0,331.713,230.915,0,0,3.60295,3.00609,445.389,88.9554,unsupported,unsupported,0.339398,11.357,14.1963
RHS 100x80x8.8,100,80,8.8,13.2,8.8,EN10210-2,21.7849,27.7515,4,5,352.786,70.5572,70.5572,70.5572,89.6504,3.56544,244.902,61.2254,61.2254,61.2254,76.1901,2.97066,0,352.786,244.902,0,0,3.56544,2.97066,476.719,94.2626,unsupported,unsupported,0.337338,12.334,15.4175
RHS 100x80x10,100,80,10,15,10,EN10210-2,24.2777,30.927,4,5,380.756,76.1513,76.1513,76.1513,98.2319,3.50877,263.22,65.8049,65.8049,65.8049,83.3049,2.91736,0,380.756,263.22,0,0,3.50877,2.91736,519.337,101.222,unsupported,unsupported,0.334248,13.7453,17.1817
RHS 100x80x11,100,80,11,16.5,11,EN10210-2,26.2674,33.4617,4,5,400.861,80.1722,80.1722,80.1722,104.754,3.46117,276.163,69.0408,69.0408,69.0408,88.6722,2.87282,0,400.861,276.163,0,0,3.46117,2.87282,550.87,106.151,unsupported,unsupported,0.331673,14.8718,18.5898
RHS 100x80x12.5,100,80,12.5,18.75,12.5,EN10210-2,29.1026,37.0734,4,5,425.829,85.1658,85.1658,85.1658,113.486,3.38912,291.868,72.9669,72.9669,72.9669,95.7878,2.80583,0,425.829,291.868,0,0,3.38912,2.80583,591.441,112.155,unsupported,unsupported,0.32781,16.4771,20.5963
RHS 110x60x3.6,110,60,3.6,5.4,3.6,EN10210-2,9.09229,11.5825,3,5.5,183.098,33.2905,33.2905,33.2905,41.2209,3.97594,70.5519,23.5173,23.5173,23.5173,26.9165,2.46804,0,183.098,70.5519,0,0,3.97594,2.46804,162.686,39.4415,unsupported,unsupported,0.330729,4.08795,7.49458
RHS 110x60x4,110,60,4,6,4,EN10210-2,10.0388,12.7883,3,5.5,200.19,36.3982,36.3982,36.3982,45.278,3.95653,76.8075,25.6025,25.6025,25.6025,29.5072,2.45073,0,200.19,76.8075,0,0,3.95653,2.45073,178.124,42.9182,unsupported,unsupported,0.329699,4.51352,8.27479
RHS 110x60x4.5,110,60,4.5,6.75,4.5,EN10210-2,11.2041,14.2727,3,5.5,220.684,40.1244,40.1244,40.1244,50.2055,3.93217,84.2149,28.0716,28.0716,28.0716,32.6362,2.42908,0,220.684,84.2149,0,0,3.93217,2.42908,196.695,47.0353,unsupported,unsupported,0.328412,5.03743,9.23529
RHS 110x60x5,110,60,5,7.5,5,EN10210-2,12.3494,15.7317,3,5.5,240.224,43.677,43.677,43.677,54.9742,3.90768,91.1759,30.392,30.392,30.392,35.6449,2.40742,0,240.224,91.1759,0,0,3.90768,2.40742,214.465,50.9064,unsupported,unsupported,0.327124,5.55238,10.1794
RHS 110x60x5.6,110,60,5.6,8.4,5.6,EN10210-2,13.6975,17.4491,3,5.5,262.434,47.7152,47.7152,47.7152,60.4889,3.87814,98.9568,32.9856,32.9856,32.9856,39.0982,2.38142,0,262.434,98.9568,0,0,3.87814,2.38142,234.738,55.2385,unsupported,unsupported,0.325579,6.15851,11.2906
RHS 110x60x6.3,110,60,6.3,9.45,6.3,EN10210-2,15.2341,19.4065,3,5.5,286.673,52.1225,52.1225,52.1225,66.6388,3.84344,107.272,35.7573,35.7573,35.7573,42.913,2.35109,0,286.673,107.272,0,0,3.84344,2.35109,256.956,59.8776,unsupported,unsupported,0.323776,6.84936,12.5572
RHS 110x60x7.1,110,60,7.1,10.65,7.1,EN10210-2,16.9424,21.5827,3,5.5,312.223,56.7678,56.7678,56.7678,73.2968,3.80347,115.809,38.6031,38.6031,38.6031,46.9946,2.31643,0,312.223,115.809,0,0,3.80347,2.31643,280.472,64.657,unsupported,unsupported,0.321716,7.61742,13.9653
RHS 110x60x8,110,60,8,12,8,EN10210-2,18.8033,23.9533,3,5.5,338.296,61.5084,61.5084,61.5084,80.3207,3.75808,124.241,41.4137,41.4137,41.4137,51.2375,2.27746,0,338.296,124.241,0,0,3.75808,2.27746,304.564,69.4015,unsupported,unsupported,0.319398,8.4541,15.4992
RHS 110x60x8.8,110,60,8.8,13.2,8.8,EN10210-2,20.4033,25.9915,3,5.5,359.169,65.3035,65.3035,65.3035,86.1549,3.71736,130.747,43.5824,43.5824,43.5824,54.7043,2.24285,0,359.169,130.747,0,0,3.71736,2.24285,323.903,73.086,unsupported,unsupported,0.317338,9.17346,16.818
RHS 110x60x10,110,60,10,15,10,EN10210-2,22.7077,28.927,3,5.5,386.554,70.2825,70.2825,70.2825,94.1954,3.65555,138.87,46.29,46.29,46.29,59.3779,2.19105,0,386.554,138.87,0,0,3.65555,2.19105,349.297,77.7278,unsupported,unsupported,0.314248,10.2095,18.7175
RHS 110x60x11,110,60,11,16.5,11,EN10210-2,24.5404,31.2617,3,5.5,405.909,73.8016,73.8016,73.8016,100.255,3.60337,144.241,48.0803,48.0803,48.0803,62.8006,2.14802,0,405.909,144.241,0,0,3.60337,2.14802,367.194,80.8336,unsupported,unsupported,0.311673,11.0335,20.2281
RHS 110x60x12.5,110,60,12.5,18.75,12.5,EN10210-2,27.1401,34.5734,3,5.5,429.313,78.0569,78.0569,78.0569,108.273,3.52384,150.126,50.042,50.042,50.042,67.1519,2.0838,0,429.313,150.126,0,0,3.52384,2.0838,388.583,84.2867,unsupported,unsupported,0.30781,12.2024,22.371
RHS 120x60x3.6,120,60,3.6,5.4,3.6,EN10210-2,9.65749,12.3025,3,6,227.274,37.8791,37.8791,37.8791,47.1921,4.29811,76.2854,25.4285,25.4285,25.4285,28.9469,2.49014,0,227.274,76.2854,0,0,4.29811,2.49014,183.238,43.2599,unsupported,unsupported,0.350729,4.10085,8.20169
RHS 120x60x4,120,60,4,6,4,EN10210-2,10.6668,13.5883,3,6,248.732,41.4553,41.4553,41.4553,51.8721,4.27842,83.0902,27.6967,27.6967,27.6967,31.7472,2.47282,0,248.732,83.0902,0,0,4.27842,2.47282,200.681,47.1015,unsupported,unsupported,0.349699,4.52944,9.05888
RHS 120x60x4.5,120,60,4.5,6.75,4.5,EN10210-2,11.9106,15.1727,3,6,274.533,45.7554,45.7554,45.7554,57.5668,4.25369,91.1607,30.3869,30.3869,30.3869,35.1337,2.45116,0,274.533,91.1607,0,0,4.25369,2.45116,221.682,51.6588,unsupported,unsupported,0.348412,5.05757,10.1151
RHS 120x60x5,120,60,5,7.5,5,EN10210-2,13.1344,16.7317,3,6,299.214,49.869,49.869,49.869,63.0901,4.22883,98.7592,32.9197,32.9197,32.9197,38.3949,2.42951,0,299.214,98.7592,0,0,4.22883,2.42951,241.798,55.9528,unsupported,unsupported,0.347124,5.57725,11.1545
RHS 120x60x5.6,120,60,5.6,8.4,5.6,EN10210-2,14.5767,18.5691,3,6,327.378,54.5631,54.5631,54.5631,69.4935,4.19884,107.272,35.7574,35.7574,35.7574,42.1446,2.40352,0,327.378,107.272,0,0,4.19884,2.40352,264.779,60.77,unsupported,unsupported,0.345579,6.1897,12.3794
RHS 120x60x6.3,120,60,6.3,9.45,6.3,EN10210-2,16.2232,20.6665,3,6,358.269,59.7115,59.7115,59.7115,76.6571,4.16362,116.397,38.799,38.799,38.799,46.2961,2.37322,0,358.269,116.397,0,0,4.16362,2.37322,290.007,65.945,unsupported,unsupported,0.343776,6.88884,13.7777
RHS 120x60x7.1,120,60,7.1,10.65,7.1,EN10210-2,18.0571,23.0027,3,6,391.034,65.1723,65.1723,65.1723,84.4432,4.12304,125.803,41.9344,41.9344,41.9344,50.7505,2.3386,0,391.034,125.803,0,0,4.12304,2.3386,316.773,71.2983,unsupported,unsupported,0.341716,7.66757,15.3351
RHS 120x60x8,120,60,8,12,8,EN10210-2,20.0593,25.5533,3,6,424.739,70.7898,70.7898,70.7898,92.6973,4.07697,135.142,45.0475,45.0475,45.0475,55.3975,2.29971,0,424.739,135.142,0,0,4.07697,2.29971,344.281,76.641,unsupported,unsupported,0.339398,8.51776,17.0355
RHS 120x60x8.8,120,60,8.8,13.2,8.8,EN10210-2,21.7849,27.7515,3,6,451.969,75.3281,75.3281,75.3281,99.5907,4.03563,142.395,47.4651,47.4651,47.4651,59.2099,2.26519,0,451.969,142.395,0,0,4.03563,2.26519,366.449,80.8166,unsupported,unsupported,0.337338,9.25049,18.501
RHS 120x60x10,120,60,10,15,10,EN10210-2,24.2777,30.927,3,6,488.147,81.3579,81.3579,81.3579,109.159,3.97289,151.537,50.5122,50.5122,50.5122,64.3779,2.21355,0,488.147,151.537,0,0,3.97289,2.21355,395.73,86.1267,unsupported,unsupported,0.334248,10.309,20.618
RHS 120x60x11,120,60,11,16.5,11,EN10210-2,26.2674,33.4617,3,6,514.162,85.6937,85.6937,85.6937,116.436,3.91991,157.668,52.5561,52.5561,52.5561,68.1906,2.17069,0,514.162,157.668,0,0,3.91991,2.17069,416.55,89.7296,unsupported,unsupported,0.331673,11.1539,22.3078
RHS 120x60x12.5,120,60,12.5,18.75,12.5,EN10210-2,29.1026,37.0734,3,6,546.438,91.0729,91.0729,91.0729,126.185,3.83918,164.553,54.851,54.851,54.851,73.0894,2.10679,0,546.438,164.553,0,0,3.83918,2.10679,441.804,93.8329,unsupported,unsupported,0.32781,12.3578,24.7156
RHS 120x80x3.6,120,80,3.6,5.4,3.6,EN10210-2,10.7879,13.7425,4,6,276.066,46.011,46.011,46.011,55.5729,4.48201,146.962,36.7405,36.7405,36.7405,41.9695,3.27016,0,276.066,146.962,0,0,4.48201,3.27016,300.786,59.4717,unsupported,unsupported,0.390729,5.49702,8.24552
RHS 120x80x4,120,80,4,6,4,EN10210-2,11.9228,15.1883,4,6,302.577,50.4296,50.4296,50.4296,61.1521,4.46337,160.706,40.1765,40.1765,40.1765,46.1355,3.25283,0,302.577,160.706,0,0,4.46337,3.25283,330.436,64.9796,unsupported,unsupported,0.389699,6.07533,9.11299
RHS 120x80x4.5,120,80,4.5,6.75,4.5,EN10210-2,13.3236,16.9727,4,6,334.594,55.7657,55.7657,55.7657,67.9618,4.44001,177.201,44.3002,44.3002,44.3002,51.2064,3.23115,0,334.594,177.201,0,0,4.44001,3.23115,366.455,71.5816,unsupported,unsupported,0.388412,6.78909,10.1836
RHS 120x80x5,120,80,5,7.5,5,EN10210-2,14.7044,18.7317,4,6,365.381,60.8968,60.8968,60.8968,74.5901,4.41656,192.947,48.2368,48.2368,48.2368,56.1266,3.20945,0,365.381,192.947,0,0,4.41656,3.20945,401.318,77.8772,unsupported,unsupported,0.387124,7.4927,11.239
RHS 120x80x5.6,120,80,5.6,8.4,5.6,EN10210-2,16.3351,20.8091,4,6,400.726,66.7877,66.7877,66.7877,82.3063,4.38831,210.877,52.7193,52.7193,52.7193,61.8337,3.18338,0,400.726,210.877,0,0,4.38831,3.18338,441.639,85.0398,unsupported,unsupported,0.385579,8.32364,12.4855
RHS 120x80x6.3,120,80,6.3,9.45,6.3,EN10210-2,18.2014,23.1865,4,6,439.797,73.2995,73.2995,73.2995,90.9833,4.3552,230.496,57.6239,57.6239,57.6239,68.2226,3.15293,0,439.797,230.496,0,0,4.3552,3.15293,486.601,92.873,unsupported,unsupported,0.383776,9.27461,13.9119
RHS 120x80x7.1,120,80,7.1,10.65,7.1,EN10210-2,20.2865,25.8427,4,6,481.653,80.2754,80.2754,80.2754,100.475,4.31716,251.253,62.8134,62.8134,62.8134,75.1732,3.11808,0,481.653,251.253,0,0,4.31716,3.11808,535.262,101.162,unsupported,unsupported,0.381716,10.3371,15.5056
RHS 120x80x8,120,80,8,12,8,EN10210-2,22.5713,28.7533,4,6,525.261,87.5436,87.5436,87.5436,110.617,4.27409,272.557,68.1393,68.1393,68.1393,82.5507,3.07883,0,525.261,272.557,0,0,4.27409,3.07883,586.56,109.676,unsupported,unsupported,0.379398,11.5013,17.252
RHS 120x80x8.8,120,80,8.8,13.2,8.8,EN10210-2,24.5481,31.2715,4,6,561.012,93.5019,93.5019,93.5019,119.162,4.23557,289.74,72.4349,72.4349,72.4349,88.7213,3.0439,0,561.012,289.74,0,0,4.23557,3.0439,629.116,116.554,unsupported,unsupported,0.377338,12.5086,18.7629
RHS 120x80x10,120,80,10,15,10,EN10210-2,27.4177,34.927,4,6,609.481,101.58,101.58,101.58,131.159,4.17734,312.553,78.1382,78.1382,78.1382,97.3049,2.99145,0,609.481,312.553,0,0,4.17734,2.99145,687.63,125.716,unsupported,unsupported,0.374248,13.9708,20.9562
RHS 120x80x11,120,80,11,16.5,11,EN10210-2,29.7214,37.8617,4,6,645.297,107.55,107.55,107.55,140.416,4.12838,328.978,82.2444,82.2444,82.2444,103.852,2.9477,0,645.297,328.978,0,0,4.12838,2.9477,731.555,132.343,unsupported,unsupported,0.371673,15.1447,22.717
RHS 120x80x12.5,120,80,12.5,18.75,12.5,EN10210-2,33.0276,42.0734,4,6,691.542,115.257,115.257,115.257,153.06,4.0542,349.472,87.368,87.368,87.368,112.663,2.88205,0,691.542,349.472,0,0,4.0542,2.88205,789.288,140.67,unsupported,unsupported,0.36781,16.8294,25.2441
RHS 120x80x14.2,120,80,14.2,21.3,14.2,EN10210-2,36.5581,46.5708,4,6,733.618,122.27,122.27,122.27,165.626,3.96897,367.121,91.7802,91.7802,91.7802,121.219,2.80768,0,733.618,367.121,0,0,3.96897,2.80768,843.034,147.92,unsupported,unsupported,0.363432,18.6283,27.9425
RHS 140x70x4,140,70,4,6,4,EN10210-2,12.5508,15.9883,3.5,7,403.601,57.6572,57.6572,57.6572,71.7004,5.02429,135.746,38.7847,38.7847,38.7847,44.0213,2.91382,0,403.601,135.746,0,0,5.02429,2.91382,325.297,65.9942,unsupported,unsupported,0.409699,5.32944,10.6589
RHS 140x70x4.5,140,70,4.5,6.75,4.5,EN10210-2,14.0301,17.8727,3.5,7,446.765,63.8235,63.8235,63.8235,79.737,4.9997,149.499,42.714,42.714,42.714,48.84,2.89217,0,446.765,149.499,0,0,4.9997,2.89217,360.366,72.6489,unsupported,unsupported,0.408412,5.95757,11.9151
RHS 140x70x5,140,70,5,7.5,5,EN10210-2,15.4894,19.7317,3.5,7,488.376,69.768,69.768,69.768,87.5719,4.97502,162.587,46.4534,46.4534,46.4534,53.5107,2.87052,0,488.376,162.587,0,0,4.97502,2.87052,394.22,78.9828,unsupported,unsupported,0.407124,6.57725,13.1545
RHS 140x70x5.6,140,70,5.6,8.4,5.6,EN10210-2,17.2143,21.9291,3.5,7,536.288,76.6125,76.6125,76.6125,96.709,4.94525,177.436,50.696,50.696,50.696,58.9219,2.84453,0,536.288,177.436,0,0,4.94525,2.84453,433.25,86.1729,unsupported,unsupported,0.405579,7.3097,14.6194
RHS 140x70x6.3,140,70,6.3,9.45,6.3,EN10210-2,19.1905,24.4465,3.5,7,589.44,84.2057,84.2057,84.2057,107.007,4.91033,193.612,55.3176,55.3176,55.3176,64.9705,2.81421,0,589.44,193.612,0,0,4.91033,2.81421,476.604,94.014,unsupported,unsupported,0.403776,8.14884,16.2977
RHS 140x70x7.1,140,70,7.1,10.65,7.1,EN10210-2,21.4012,27.2627,3.5,7,646.631,92.3758,92.3758,92.3758,118.302,4.87017,210.632,60.1807,60.1807,60.1807,71.5386,2.77957,0,646.631,210.632,0,0,4.87017,2.77957,523.3,102.282,unsupported,unsupported,0.401716,9.08757,18.1751
RHS 140x70x8,140,70,8,12,8,EN10210-2,23.8273,30.3533,3.5,7,706.535,100.934,100.934,100.934,130.411,4.82463,227.984,65.1384,65.1384,65.1384,78.4941,2.74063,0,706.535,227.984,0,0,4.82463,2.74063,572.237,110.736,unsupported,unsupported,0.399398,10.1178,20.2355
RHS 140x70x8.8,140,70,8.8,13.2,8.8,EN10210-2,25.9297,33.0315,3.5,7,755.927,107.99,107.99,107.99,140.648,4.78383,241.877,69.1076,69.1076,69.1076,84.2968,2.70603,0,755.927,241.877,0,0,4.78383,2.70603,612.572,117.533,unsupported,unsupported,0.397338,11.0105,22.021
RHS 140x70x10,140,70,10,15,10,EN10210-2,28.9877,36.927,3.5,7,823.392,117.627,117.627,117.627,155.086,4.72206,260.146,74.3276,74.3276,74.3276,92.3414,2.65422,0,823.392,260.146,0,0,4.72206,2.65422,667.562,126.524,unsupported,unsupported,0.394248,12.309,24.618
RHS 140x70x11,140,70,11,16.5,11,EN10210-2,31.4484,40.0617,3.5,7,873.709,124.816,124.816,124.816,166.287,4.67002,273.142,78.0406,78.0406,78.0406,98.4514,2.61114,0,873.709,273.142,0,0,4.67002,2.61114,708.4,132.971,unsupported,unsupported,0.391673,13.3539,26.7078
RHS 140x70x12.5,140,70,12.5,18.75,12.5,EN10210-2,34.9901,44.5734,3.5,7,939.474,134.211,134.211,134.211,181.696,4.59097,289.098,82.5995,82.5995,82.5995,106.626,2.54674,0,939.474,289.098,0,0,4.59097,2.54674,761.299,140.969,unsupported,unsupported,0.38781,14.8578,29.7156
RHS 140x70x14.2,140,70,14.2,21.3,14.2,EN10210-2,38.7875,49.4108,3.5,7,1000.5,142.928,142.928,142.928,197.173,4.49984,302.476,86.4217,86.4217,86.4217,114.491,2.4742,0,1000.5,302.476,0,0,4.49984,2.4742,809.37,147.779,unsupported,unsupported,0.383432,16.4703,32.9405
RHS 140x80x4,140,80,4,6,4,EN10210-2,13.1788,16.7883,4,7,440.603,62.9433,62.9433,62.9433,77.1404,5.12295,183.831,45.9579,45.9579,45.9579,52.2155,3.30907,0,440.603,183.831,0,0,5.12295,3.30907,410.653,76.5303,unsupported,unsupported,0.429699,6.10484,10.6835
RHS 140x80x4.5,140,80,4.5,6.75,4.5,EN10210-2,14.7366,18.7727,4,7,488.09,69.7272,69.7272,69.7272,85.8345,5.09902,202.882,50.7206,50.7206,50.7206,58.0014,3.28744,0,488.09,202.882,0,0,5.09902,3.28744,455.693,84.4058,unsupported,unsupported,0.428412,6.82644,11.9463
RHS 140x80x5,140,80,5,7.5,5,EN10210-2,16.2744,20.7317,4,7,533.959,76.2799,76.2799,76.2799,94.3219,5.075,221.114,55.2785,55.2785,55.2785,63.6266,3.2658,0,533.959,221.114,0,0,5.075,3.2658,499.361,91.9388,unsupported,unsupported,0.427124,7.53882,13.1929
RHS 140x80x5.6,140,80,5.6,8.4,5.6,EN10210-2,18.0935,23.0491,4,7,586.894,83.8421,83.8421,83.8421,104.235,5.04607,241.934,60.4834,60.4834,60.4834,70.1665,3.23982,0,586.894,241.934,0,0,5.04607,3.23982,549.96,100.539,unsupported,unsupported,0.425579,8.38149,14.6676
RHS 140x80x6.3,140,80,6.3,9.45,6.3,EN10210-2,20.1796,25.7065,4,7,645.79,92.2557,92.2557,92.2557,115.43,5.01215,264.799,66.1997,66.1997,66.1997,77.5088,3.20949,0,645.79,264.799,0,0,5.01215,3.20949,606.523,109.985,unsupported,unsupported,0.423776,9.34783,16.3587
RHS 140x80x7.1,140,80,7.1,10.65,7.1,EN10210-2,22.5159,28.6827,4,7,709.392,101.342,101.342,101.342,127.738,4.97317,289.105,72.2763,72.2763,72.2763,85.525,3.17481,0,709.392,289.105,0,0,4.97317,3.17481,667.933,120.034,unsupported,unsupported,0.421716,10.4301,18.2526
RHS 140x80x8,140,80,8,12,8,EN10210-2,25.0833,31.9533,4,7,776.316,110.902,110.902,110.902,140.971,4.92903,314.2,78.55,78.55,78.55,94.0707,3.13578,0,776.316,314.2,0,0,4.92903,3.13578,732.93,130.425,unsupported,unsupported,0.419398,11.6194,20.3339
RHS 140x80x8.8,140,80,8.8,13.2,8.8,EN10210-2,27.3113,34.7915,4,7,831.78,118.826,118.826,118.826,152.193,4.88954,334.578,83.6445,83.6445,83.6445,101.253,3.10108,0,831.78,334.578,0,0,4.88954,3.10108,787.102,138.883,unsupported,unsupported,0.417338,12.6514,22.14
RHS 140x80x10,140,80,10,15,10,EN10210-2,30.5577,38.927,4,7,908.059,129.723,129.723,129.723,168.086,4.82983,361.886,90.4716,90.4716,90.4716,111.305,3.04902,0,908.059,361.886,0,0,4.82983,3.04902,862.06,150.261,unsupported,unsupported,0.414248,14.1553,24.7717
RHS 140x80x11,140,80,11,16.5,11,EN10210-2,33.1754,42.2617,4,7,965.457,137.922,137.922,137.922,180.477,4.77962,381.792,95.4481,95.4481,95.4481,119.032,3.00566,0,965.457,381.792,0,0,4.77962,3.00566,918.809,158.6,unsupported,unsupported,0.411673,15.3679,26.8938
RHS 140x80x12.5,140,80,12.5,18.75,12.5,EN10210-2,36.9526,47.0734,4,7,1041.4,148.772,148.772,148.772,197.633,4.7035,407.076,101.769,101.769,101.769,129.538,2.94069,0,1041.4,407.076,0,0,4.7035,2.94069,994.309,169.272,unsupported,unsupported,0.40781,17.1176,29.9558
RHS 140x80x14.2,140,80,14.2,21.3,14.2,EN10210-2,41.0169,52.2508,4,7,1113.33,159.048,159.048,159.048,215.037,4.61601,429.556,107.389,107.389,107.389,139.906,2.86724,0,1113.33,429.556,0,0,4.61601,2.86724,1066.12,178.874,unsupported,unsupported,0.403432,19.0003,33.2505
RHS 150x50x4,150,50,4,6,4,EN10210-2,11.9228,15.1883,2.5,7.5,394.079,52.5439,52.5439,52.5439,68.2146,5.09374,67.4014,26.9606,26.9606,26.9606,30.673,2.10659,0,394.079,67.4014,0,0,5.09374,2.10659,191.808,48.3573,unsupported,unsupported,0.389699,3.79708,11.3912
RHS 150x50x4.5,150,50,4.5,6.75,4.5,EN10210-2,13.3236,16.9727,2.5,7.5,435.748,58.0998,58.0998,58.0998,75.8034,5.0669,73.7649,29.506,29.506,29.506,33.9148,2.08473,0,435.748,73.7649,0,0,5.0669,2.08473,211.27,52.9313,unsupported,unsupported,0.388412,4.24318,12.7295
RHS 150x50x5,150,50,5,7.5,5,EN10210-2,14.7044,18.7317,2.5,7.5,475.798,63.4397,63.4397,63.4397,83.1877,5.0399,79.7139,31.8856,31.8856,31.8856,37.029,2.0629,0,475.798,79.7139,0,0,5.0399,2.0629,229.768,57.2155,unsupported,unsupported,0.387124,4.68294,14.0488
RHS 150x50x5.6,150,50,5.6,8.4,5.6,EN10210-2,16.3351,20.8091,2.5,7.5,521.746,69.5662,69.5662,69.5662,91.7807,5.00729,86.3238,34.5295,34.5295,34.5295,40.5992,2.03675,0,521.746,86.3238,0,0,5.00729,2.03675,250.709,61.988,unsupported,unsupported,0.385579,5.20228,15.6068
RHS 150x50x6.3,150,50,6.3,9.45,6.3,EN10210-2,18.2014,23.1865,2.5,7.5,572.487,76.3315,76.3315,76.3315,101.439,4.96895,93.3342,37.3337,37.3337,37.3337,44.5371,2.00633,0,572.487,93.3342,0,0,4.96895,2.00633,273.431,67.0686,unsupported,unsupported,0.383776,5.79663,17.3899
RHS 150x50x7.1,150,50,7.1,10.65,7.1,EN10210-2,20.2865,25.8427,2.5,7.5,626.762,83.5683,83.5683,83.5683,111.996,4.92473,100.464,40.1858,40.1858,40.1858,48.7418,1.97168,0,626.762,100.464,0,0,4.92473,1.97168,297.187,72.2626,unsupported,unsupported,0.381716,6.46067,19.382
RHS 150x50x8,150,50,8,12,8,EN10210-2,22.5713,28.7533,2.5,7.5,683.184,91.0912,91.0912,91.0912,123.267,4.87445,107.424,42.9696,42.9696,42.9696,53.1008,1.93289,0,683.184,107.424,0,0,4.87445,1.93289,321.149,77.3671,unsupported,unsupported,0.379398,7.18832,21.565
RHS 150x50x8.8,150,50,8.8,13.2,8.8,EN10210-2,24.5481,31.2715,2.5,7.5,729.303,97.2404,97.2404,97.2404,132.752,4.82925,112.723,45.0894,45.0894,45.0894,56.6509,1.8986,0,729.303,112.723,0,0,4.82925,1.8986,340.049,81.2844,unsupported,unsupported,0.377338,7.81787,23.4536
RHS 150x50x10,150,50,10,15,10,EN10210-2,27.4177,34.927,2.5,7.5,791.543,105.539,105.539,105.539,146.049,4.76055,119.224,47.6895,47.6895,47.6895,61.4145,1.84757,0,791.543,119.224,0,0,4.76055,1.84757,364.28,86.1369,unsupported,unsupported,0.374248,8.73175,26.1952
RHS 150x100x4,150,100,4,6,4,EN10210-2,15.0628,19.1883,5,7.5,607.293,80.9724,80.9724,80.9724,97.4146,5.62575,324.027,64.8054,64.8054,64.8054,73.6438,4.10934,0,607.293,324.027,0,0,5.62575,4.10934,660.133,104.995,unsupported,unsupported,0.489699,7.67533,11.513
RHS 150x100x4.5,150,100,4.5,6.75,4.5,EN10210-2,16.8561,21.4727,5,7.5,673.99,89.8653,89.8653,89.8653,108.541,5.60252,358.793,71.7587,71.7587,71.7587,81.9716,4.0877,0,673.99,358.793,0,0,5.60252,4.0877,734.341,116.156,unsupported,unsupported,0.488412,8.58909,12.8836
RHS 150x100x5,150,100,5,7.5,5,EN10210-2,18.6294,23.7317,5,7.5,738.714,98.4952,98.4952,98.4952,119.438,5.57922,392.349,78.4698,78.4698,78.4698,90.1084,4.06604,0,738.714,392.349,0,0,5.57922,4.06604,806.729,126.913,unsupported,unsupported,0.487124,9.4927,14.239
RHS 150x100x5.6,150,100,5.6,8.4,5.6,EN10210-2,20.7311,26.4091,5,7.5,813.812,108.508,108.508,108.508,132.213,5.55118,431.043,86.2087,86.2087,86.2087,99.622,4.04002,0,813.812,431.043,0,0,5.55118,4.04002,891.201,139.304,unsupported,unsupported,0.485579,10.5636,15.8455
RHS 150x100x6.3,150,100,6.3,9.45,6.3,EN10210-2,23.1469,29.4865,5,7.5,897.928,119.724,119.724,119.724,146.704,5.51835,474.061,94.8121,94.8121,94.8121,110.378,4.00964,0,897.928,474.061,0,0,5.51835,4.00964,986.469,153.062,unsupported,unsupported,0.483776,11.7946,17.6919
RHS 150x100x7.1,150,100,7.1,10.65,7.1,EN10210-2,25.86,32.9427,5,7.5,989.523,131.936,131.936,131.936,162.726,5.48067,520.482,104.096,104.096,104.096,122.224,3.97487,0,989.523,520.482,0,0,5.48067,3.97487,1091.04,167.897,unsupported,unsupported,0.481716,13.1771,19.7656
RHS 150x100x8,150,100,8,12,8,EN10210-2,28.8513,36.7533,5,7.5,1086.89,144.919,144.919,144.919,180.067,5.43807,569.303,113.861,113.861,113.861,134.984,3.93571,0,1086.89,569.303,0,0,5.43807,3.93571,1203.23,183.491,unsupported,unsupported,0.479398,14.7013,22.052
RHS 150x100x8.8,150,100,8.8,13.2,8.8,EN10210-2,31.4561,40.0715,5,7.5,1168.49,155.799,155.799,155.799,194.88,5.40002,609.758,121.952,121.952,121.952,145.83,3.90087,0,1168.49,609.758,0,0,5.40002,3.90087,1298.13,196.414,unsupported,unsupported,0.477338,16.0286,24.0429
RHS 150x100x10,150,100,10,15,10,EN10210-2,35.2677,44.927,5,7.5,1282.38,170.984,170.984,170.984,216.049,5.34262,665.423,133.085,133.085,133.085,161.232,3.84853,0,1282.38,665.423,0,0,5.34262,3.84853,1432.03,214.21,unsupported,unsupported,0.474248,17.9708,26.9562
RHS 150x100x12,150,100,12,18,12,EN10210-2,41.3655,52.6949,5,7.5,1450.2,193.359,193.359,193.359,248.571,5.24601,745.443,149.089,149.089,149.089,184.634,3.76117,0,1450.2,745.443,0,0,5.24601,3.76117,1632.89,239.867,unsupported,unsupported,0.469097,21.0779,31.6169
RHS 150x100x12.5,150,100,12.5,18.75,12.5,EN10210-2,42.8401,54.5734,5,7.5,1487.99,198.399,198.399,198.399,256.17,5.22167,763.069,152.614,152.614,152.614,190.049,3.73931,0,1487.99,763.069,0,0,5.22167,3.73931,1678.78,245.539,unsupported,unsupported,0.46781,21.8294,32.7441
RHS 150x100x14.2,150,100,14.2,21.3,14.2,EN10210-2,47.7051,60.7708,5,7.5,1604.5,213.933,213.933,213.933,280.439,5.13833,816.257,163.251,163.251,163.251,207.181,3.66493,0,1604.5,816.257,0,0,5.13833,3.66493,1822.02,262.724,unsupported,unsupported,0.463432,24.3083,36.4625
RHS 150x100x16,150,100,16,24,16,EN10210-2,52.6053,67.0131,5,7.5,1708.37,227.782,227.782,227.782,303.539,5.04906,861.823,172.365,172.365,172.365,223.207,3.58616,0,1708.37,861.823,0,0,5.04906,3.58616,1952.32,277.566,unsupported,unsupported,0.458796,26.8052,40.2079
RHS 160x80x4,160,80,4,6,4,EN10210-2,14.4348,18.3883,4,8,612.206,76.5257,76.5257,76.5257,94.7288,5.77003,206.957,51.7392,51.7392,51.7392,58.2955,3.35482,0,612.206,206.957,0,0,5.77003,3.35482,493.028,88.084,unsupported,unsupported,0.469699,6.12944,12.2589
RHS 160x80x4.5,160,80,4.5,6.75,4.5,EN10210-2,16.1496,20.5727,4,8,679.132,84.8915,84.8915,84.8915,105.507,5.74555,228.564,57.1409,57.1409,57.1409,64.7964,3.33317,0,679.132,228.564,0,0,5.74555,3.33317,547.317,97.2343,unsupported,unsupported,0.468412,6.85757,13.7151
RHS 160x80x5,160,80,5,7.5,5,EN10210-2,17.8444,22.7317,4,8,744.002,93.0002,93.0002,93.0002,116.054,5.72098,249.281,62.3202,62.3202,62.3202,71.1266,3.31152,0,744.002,249.281,0,0,5.72098,3.31152,600.007,106.006,unsupported,unsupported,0.467124,7.57725,15.1545
RHS 160x80x5.6,160,80,5.6,8.4,5.6,EN10210-2,19.8519,25.2891,4,8,819.161,102.395,102.395,102.395,128.404,5.69138,272.99,68.2476,68.2476,68.2476,78.4993,3.28554,0,819.161,272.99,0,0,5.69138,3.28554,661.136,116.045,unsupported,unsupported,0.465579,8.4297,16.8594
RHS 160x80x6.3,160,80,6.3,9.45,6.3,EN10210-2,22.1578,28.2265,4,8,903.196,112.899,112.899,112.899,142.396,5.65669,299.102,74.7754,74.7754,74.7754,86.795,3.25522,0,903.196,299.102,0,0,5.65669,3.25522,729.579,127.107,unsupported,unsupported,0.463776,9.40884,18.8177
RHS 160x80x7.1,160,80,7.1,10.65,7.1,EN10210-2,24.7453,31.5227,4,8,994.497,124.312,124.312,124.312,157.84,5.61681,326.957,81.7392,81.7392,81.7392,95.8768,3.22058,0,994.497,326.957,0,0,5.61681,3.22058,804.038,138.92,unsupported,unsupported,0.461716,10.5076,21.0151
RHS 160x80x8,160,80,8,12,8,EN10210-2,27.5953,35.1533,4,8,1091.28,136.41,136.41,136.41,174.524,5.57166,355.843,88.9607,88.9607,88.9607,105.591,3.1816,0,1091.28,355.843,0,0,5.57166,3.1816,883.051,151.193,unsupported,unsupported,0.459398,11.7178,23.4355
RHS 160x80x8.8,160,80,8.8,13.2,8.8,EN10210-2,30.0745,38.3115,4,8,1172.13,146.516,146.516,146.516,188.745,5.53126,379.416,94.8541,94.8541,94.8541,113.784,3.14698,0,1172.13,379.416,0,0,5.53126,3.14698,949.1,161.235,unsupported,unsupported,0.457338,12.7705,25.541
RHS 160x80x10,160,80,10,15,10,EN10210-2,33.6977,42.927,4,8,1284.49,160.561,160.561,160.561,209.013,5.47016,411.22,102.805,102.805,102.805,125.305,3.09508,0,1284.49,411.22,0,0,5.47016,3.09508,1040.87,174.837,unsupported,unsupported,0.454248,14.309,28.618
RHS 160x80x11,160,80,11,16.5,11,EN10210-2,36.6294,46.6617,4,8,1370.14,171.267,171.267,171.267,224.939,5.41879,434.607,108.652,108.652,108.652,134.212,3.05189,0,1370.14,434.607,0,0,5.41879,3.05189,1110.72,184.895,unsupported,unsupported,0.451673,15.5539,31.1078
RHS 160x80x12,160,80,12,18,12,EN10210-2,39.4815,50.2949,4,8,1448.72,181.09,181.09,181.09,239.999,5.36698,455.302,113.825,113.825,113.825,142.499,3.00876,0,1448.72,455.302,0,0,5.36698,3.00876,1174.62,193.848,unsupported,unsupported,0.449097,16.765,33.5299
RHS 160x80x12.5,160,80,12.5,18.75,12.5,EN10210-2,40.8776,52.0734,4,8,1485.41,185.676,185.676,185.676,247.206,5.3409,464.68,116.17,116.17,116.17,146.413,2.98723,0,1485.41,464.68,0,0,5.3409,2.98723,1204.37,197.925,unsupported,unsupported,0.44781,17.3578,34.7156
RHS 160x80x14.2,160,80,14.2,21.3,14.2,EN10210-2,45.4757,57.9308,4,8,1597.55,199.694,199.694,199.694,270.128,5.25137,491.992,122.998,122.998,122.998,158.593,2.91423,0,1597.55,491.992,0,0,5.25137,2.91423,1294.63,209.897,unsupported,unsupported,0.443432,19.3103,38.6205
RHS 160x80x16,160,80,16,24,16,EN10210-2,50.0933,63.8131,4,8,1695.79,211.973,211.973,211.973,291.766,5.15502,513.74,128.435,128.435,128.435,169.634,2.83738,0,1695.79,513.74,0,0,5.15502,2.83738,1372.2,219.572,unsupported,unsupported,0.438796,21.271,42.5421
RHS 160x90x4.5,160,90,4.5,6.75,4.5,EN10210-2,16.8561,21.4727,4.5,8,733.553,91.6941,91.6941,91.6941,112.505,5.84484,298.578,66.3507,66.3507,66.3507,75.3077,3.72894,0,733.553,298.578,0,0,5.84484,3.72894,672.295,110.794,unsupported,unsupported,0.488412,7.73018,13.7425
RHS 160x90x5,160,90,5,7.5,5,EN10210-2,18.6294,23.7317,4.5,8,804.085,100.511,100.511,100.511,123.804,5.82085,326.174,72.483,72.483,72.483,82.7425,3.70732,0,804.085,326.174,0,0,5.82085,3.70732,737.985,120.965,unsupported,unsupported,0.487124,8.54343,15.1883
RHS 160x90x5.6,160,90,5.6,8.4,5.6,EN10210-2,20.7311,26.4091,4.5,8,885.94,110.743,110.743,110.743,137.051,5.79196,357.905,79.5345,79.5345,79.5345,91.4238,3.68135,0,885.94,357.905,0,0,5.79196,3.68135,814.477,132.655,unsupported,unsupported,0.485579,9.50728,16.9018
RHS 160x90x6.3,160,90,6.3,9.45,6.3,EN10210-2,23.1469,29.4865,4.5,8,977.652,122.207,122.207,122.207,152.079,5.75812,393.058,87.3463,87.3463,87.3463,101.223,3.65104,0,977.652,393.058,0,0,5.75812,3.65104,900.515,145.603,unsupported,unsupported,0.483776,10.6151,18.8714
RHS 160x90x7.1,160,90,7.1,10.65,7.1,EN10210-2,25.86,32.9427,4.5,8,1077.55,134.694,134.694,134.694,168.696,5.71925,430.832,95.7406,95.7406,95.7406,111.993,3.61638,0,1077.55,430.832,0,0,5.71925,3.61638,994.649,159.518,unsupported,unsupported,0.481716,11.8594,21.0833
RHS 160x90x8,160,90,8,12,8,EN10210-2,28.8513,36.7533,4.5,8,1183.78,147.972,147.972,147.972,186.684,5.67528,470.355,104.523,104.523,104.523,123.567,3.57738,0,1183.78,470.355,0,0,5.67528,3.57738,1095.24,174.089,unsupported,unsupported,0.479398,13.2312,23.5221
RHS 160x90x8.8,160,90,8.8,13.2,8.8,EN10210-2,31.4561,40.0715,4.5,8,1272.84,159.104,159.104,159.104,202.05,5.63597,502.924,111.761,111.761,111.761,133.379,3.5427,0,1272.84,502.924,0,0,5.63597,3.5427,1179.97,186.114,unsupported,unsupported,0.477338,14.4257,25.6457
RHS 160x90x10,160,90,10,15,10,EN10210-2,35.2677,44.927,4.5,8,1397.16,174.645,174.645,174.645,224.013,5.57659,547.423,121.65,121.65,121.65,147.268,3.49066,0,1397.16,547.423,0,0,5.57659,3.49066,1298.87,202.583,unsupported,unsupported,0.474248,16.1737,28.7533
RHS 160x90x11,160,90,11,16.5,11,EN10210-2,38.3564,48.8617,4.5,8,1492.47,186.558,186.558,186.558,241.329,5.52673,580.668,129.037,129.037,129.037,158.093,3.44731,0,1492.47,580.668,0,0,5.52673,3.44731,1390.51,214.933,unsupported,unsupported,0.471673,17.5902,31.2715
RHS 160x90x12.5,160,90,12.5,18.75,12.5,EN10210-2,42.8401,54.5734,4.5,8,1621.71,202.714,202.714,202.714,265.644,5.45125,624.32,138.738,138.738,138.738,173.074,3.38231,0,1621.71,624.32,0,0,5.45125,3.38231,1515.42,231.236,unsupported,unsupported,0.46781,19.6464,34.927
RHS 160x90x14.2,160,90,14.2,21.3,14.2,EN10210-2,47.7051,60.7708,4.5,8,1748.96,218.62,218.62,218.62,290.831,5.36466,665.304,147.845,147.845,147.845,188.269,3.30874,0,1748.96,665.304,0,0,5.36466,3.30874,1639.02,246.678,unsupported,unsupported,0.463432,21.8775,38.8933
RHS 160x90x16,160,90,16,24,16,EN10210-2,52.6053,67.0131,4.5,8,1862.36,232.795,232.795,232.795,314.806,5.27171,699.594,155.465,155.465,155.465,202.34,3.23105,0,1862.36,699.594,0,0,5.27171,3.23105,1749.4,259.749,unsupported,unsupported,0.458796,24.1247,42.8884
RHS 180x60x4.5,180,60,4.5,6.75,4.5,EN10210-2,16.1496,20.5727,3,9,772.688,85.8542,85.8542,85.8542,111.185,6.12853,132.835,44.2784,44.2784,44.2784,50.1187,2.54104,0,772.688,132.835,0,0,6.12853,2.54104,376.796,79.4162,unsupported,unsupported,0.468412,5.14318,15.4295
RHS 180x60x5,180,60,5,7.5,5,EN10210-2,17.8444,22.7317,3,9,846.341,94.0378,94.0378,94.0378,122.285,6.10177,144.259,48.0864,48.0864,48.0864,54.8949,2.51916,0,846.341,144.259,0,0,6.10177,2.51916,411.409,86.2528,unsupported,unsupported,0.467124,5.68294,17.0488
RHS 180x60x5.6,180,60,5.6,8.4,5.6,EN10210-2,19.8519,25.2891,3,9,931.621,103.513,103.513,103.513,135.281,6.0695,157.165,52.3884,52.3884,52.3884,60.423,2.49294,0,931.621,157.165,0,0,6.0695,2.49294,451.097,93.9877,unsupported,unsupported,0.465579,6.32228,18.9668
RHS 180x60x6.3,180,60,6.3,9.45,6.3,EN10210-2,22.1578,28.2265,3,9,1026.89,114.099,114.099,114.099,149.997,6.03161,171.149,57.0496,57.0496,57.0496,66.5947,2.4624,0,1026.89,171.149,0,0,6.03161,2.4624,494.883,102.388,unsupported,unsupported,0.463776,7.05663,21.1699
RHS 180x60x7.1,180,60,7.1,10.65,7.1,EN10210-2,24.7453,31.5227,3,9,1130.28,125.586,125.586,125.586,166.231,5.98799,185.767,61.9224,61.9224,61.9224,73.2859,2.42758,0,1130.28,185.767,0,0,5.98799,2.42758,541.653,111.197,unsupported,unsupported,0.461716,7.88067,23.642
RHS 180x80x4.5,180,80,4.5,6.75,4.5,EN10210-2,17.5626,22.3727,4,9,911.319,101.258,101.258,101.258,126.98,6.38228,254.245,63.5613,63.5613,63.5613,71.5914,3.37106,0,911.319,254.245,0,0,6.38228,3.37106,640.745,110.065,unsupported,unsupported,0.508412,6.88391,15.4888
RHS 180x80x5,180,80,5,7.5,5,EN10210-2,19.4144,24.7317,4,9,999.507,111.056,111.056,111.056,139.785,6.3572,277.447,69.3618,69.3618,69.3618,78.6266,3.34937,0,999.507,277.447,0,0,6.3572,3.34937,702.619,120.077,unsupported,unsupported,0.507124,7.60977,17.122
RHS 180x80x5.6,180,80,5.6,8.4,5.6,EN10210-2,21.6103,27.5291,4,9,1102.01,122.445,122.445,122.445,154.814,6.32697,304.047,76.0117,76.0117,76.0117,86.8321,3.32334,0,1102.01,304.047,0,0,6.32697,3.32334,774.463,131.556,unsupported,unsupported,0.505579,8.47049,19.0586
RHS 180x80x6.3,180,80,6.3,9.45,6.3,EN10210-2,24.136,30.7465,4,9,1217.05,135.228,135.228,135.228,171.883,6.29154,333.405,83.3512,83.3512,83.3512,96.0812,3.29297,0,1217.05,333.405,0,0,6.29154,3.29297,854.988,144.235,unsupported,unsupported,0.503776,9.46047,21.2861
RHS 180x80x7.1,180,80,7.1,10.65,7.1,EN10210-2,26.9747,34.3627,4,9,1342.65,149.183,149.183,149.183,190.783,6.25082,364.808,91.2021,91.2021,91.2021,106.229,3.25828,0,1342.65,364.808,0,0,6.25082,3.25828,942.713,157.815,unsupported,unsupported,0.501716,10.5731,23.7896
RHS 180x80x8,180,80,8,12,8,EN10210-2,30.1073,38.3533,4,9,1476.54,164.061,164.061,164.061,211.277,6.20472,397.485,99.3713,99.3713,99.3713,117.111,3.21928,0,1476.54,397.485,0,0,6.20472,3.21928,1035.97,171.973,unsupported,unsupported,0.499398,11.801,26.5523
RHS 180x80x8.8,180,80,8.8,13.2,8.8,EN10210-2,32.8377,41.8315,4,9,1589.11,176.567,176.567,176.567,228.816,6.16346,424.254,106.064,106.064,106.064,126.315,3.18465,0,1589.11,424.254,0,0,6.16346,3.18465,1114.08,183.602,unsupported,unsupported,0.497338,12.8712,28.9602
RHS 180x80x10,180,80,10,15,10,EN10210-2,36.8377,46.927,4,9,1746.78,194.086,194.086,194.086,253.94,6.10109,460.553,115.138,115.138,115.138,139.305,3.13277,0,1746.78,460.553,0,0,6.10109,3.13277,1222.91,199.434,unsupported,unsupported,0.494248,14.4391,32.4879
RHS 180x80x11,180,80,11,16.5,11,EN10210-2,40.0834,51.0617,4,9,1868.15,207.572,207.572,207.572,273.801,6.04864,487.422,121.855,121.855,121.855,149.392,3.08962,0,1868.15,487.422,0,0,6.04864,3.08962,1306.05,211.216,unsupported,unsupported,0.491673,15.7113,35.3504
RHS 180x80x12.5,180,80,12.5,18.75,12.5,EN10210-2,44.8026,57.0734,4,9,2033.56,225.951,225.951,225.951,301.78,5.96914,522.284,130.571,130.571,130.571,163.288,3.02508,0,2033.56,522.284,0,0,5.96914,3.02508,1418.1,226.613,unsupported,unsupported,0.48781,17.5611,39.5124
RHS 180x100x4,180,100,4,6,4,EN10210-2,16.9468,21.5883,5,9,944.51,104.946,104.946,104.946,127.997,6.61445,379.355,75.871,75.871,75.871,85.1638,4.19192,0,944.51,379.355,0,0,6.61445,4.19192,852.07,127.111,unsupported,unsupported,0.549699,7.71011,13.8782
RHS 180x100x5,180,100,5,7.5,5,EN10210-2,20.9844,26.7317,5,9,1152.67,128.075,128.075,128.075,157.285,6.56658,460.099,92.0198,92.0198,92.0198,104.358,4.1487,0,1152.67,460.099,0,0,6.56658,4.1487,1042.42,153.986,unsupported,unsupported,0.547124,9.54705,17.1847
RHS 180x100x5.6,180,100,5.6,8.4,5.6,EN10210-2,23.3687,29.7691,5,9,1272.39,141.377,141.377,141.377,174.346,6.53773,505.987,101.197,101.197,101.197,115.481,4.12275,0,1272.39,505.987,0,0,6.53773,4.12275,1152.35,169.244,unsupported,unsupported,0.545579,10.6318,19.1373
RHS 180x100x6.3,180,100,6.3,9.45,6.3,EN10210-2,26.1142,33.2665,5,9,1407.22,156.358,156.358,156.358,193.769,6.50395,557.154,111.431,111.431,111.431,128.088,4.09245,0,1407.22,557.154,0,0,6.50395,4.09245,1276.57,186.249,unsupported,unsupported,0.543776,11.8809,21.3856
RHS 180x100x7.1,180,100,7.1,10.65,7.1,EN10210-2,29.2041,37.2027,5,9,1555.02,172.78,172.78,172.78,215.335,6.46517,612.575,122.515,122.515,122.515,142.011,4.05782,0,1555.02,612.575,0,0,6.46517,4.05782,1413.25,204.665,unsupported,unsupported,0.541716,13.2867,23.916
RHS 180x100x8,180,100,8,12,8,EN10210-2,32.6193,41.5533,5,9,1713.39,190.376,190.376,190.376,238.797,6.42133,671.127,134.225,134.225,134.225,157.064,4.01883,0,1713.39,671.127,0,0,6.42133,4.01883,1560.32,224.126,unsupported,unsupported,0.539398,14.8405,26.7128
RHS 180x100x8.8,180,100,8.8,13.2,8.8,EN10210-2,35.6009,45.3515,5,9,1847.26,205.251,205.251,205.251,258.947,6.38216,719.889,143.978,143.978,143.978,169.906,3.98416,0,1847.26,719.889,0,0,6.38216,3.98416,1685.14,240.347,unsupported,unsupported,0.537338,16.197,29.1545
RHS 180x100x10,180,100,10,15,10,EN10210-2,39.9777,50.927,5,9,2036.11,226.234,226.234,226.234,287.94,6.32305,787.423,157.485,157.485,157.485,188.232,3.93215,0,2036.11,787.423,0,0,6.32305,3.93215,1862.04,262.847,unsupported,unsupported,0.534248,18.1882,32.7388
RHS 180x100x11,180,100,11,16.5,11,EN10210-2,43.5374,55.4617,5,9,2182.76,242.529,242.529,242.529,310.981,6.27345,838.734,167.747,167.747,167.747,202.654,3.8888,0,2182.76,838.734,0,0,6.27345,3.8888,2000.05,279.985,unsupported,unsupported,0.531673,19.8077,35.6539
RHS 180x100x12.5,180,100,12.5,18.75,12.5,EN10210-2,48.7276,62.0734,5,9,2384.91,264.99,264.99,264.99,343.655,6.19846,907.6,181.52,181.52,181.52,222.861,3.82379,0,2384.91,907.6,0,0,6.19846,3.82379,2191.2,303.075,unsupported,unsupported,0.52781,22.1691,39.9043
RHS 180x100x14.2,180,100,14.2,21.3,14.2,EN10210-2,54.3933,69.2908,5,9,2588.94,287.66,287.66,287.66,377.986,6.11256,974.492,194.898,194.898,194.898,243.731,3.75017,0,2588.94,974.492,0,0,6.11256,3.75017,2385.09,325.648,unsupported,unsupported,0.523432,24.7467,44.5441
RHS 180x100x16,180,100,16,24,16,EN10210-2,60.1413,76.6131,5,9,2776.97,308.552,308.552,308.552,411.259,6.02052,1033.22,206.643,206.643,206.643,263.527,3.67235,0,2776.97,1033.22,0,0,6.02052,3.67235,2564.4,345.642,unsupported,unsupported,0.518796,27.3618,49.2513
RHS 180x100x17.5,180,100,17.5,26.25,17.5,EN10210-2,64.7342,82.4639,5,9,2912.47,323.608,323.608,323.608,436.609,5.94291,1073.28,214.655,214.655,214.655,278.253,3.60764,0,2912.47,1073.28,0,0,5.94291,3.60764,2693.7,359.42,unsupported,unsupported,0.514934,29.4514,53.0125
RHS 200x100x4,200,100,4,6,4,EN10210-2,18.2028,23.1883,5,10,1222.63,122.263,122.263,122.263,150.385,7.26126,416.24,83.248,83.248,83.248,92.8438,4.23679,0,1222.63,416.24,0,0,7.26126,4.23679,983.431,141.858,unsupported,unsupported,0.589699,7.72944,15.4589
RHS 200x100x5,200,100,5,7.5,5,EN10210-2,22.5544,28.7317,5,10,1494.64,149.464,149.464,149.464,185.017,7.21253,505.266,101.053,101.053,101.053,113.858,4.19352,0,1494.64,505.266,0,0,7.21253,4.19352,1203.68,172.039,unsupported,unsupported,0.587124,9.57725,19.1545
RHS 200x100x6.3,200,100,6.3,9.45,6.3,EN10210-2,28.0924,35.7865,5,10,1828.86,182.886,182.886,182.886,228.296,7.14876,612.549,122.51,122.51,122.51,139.894,4.13724,0,1828.86,612.549,0,0,7.14876,4.13724,1474.98,208.382,unsupported,unsupported,0.583776,11.9288,23.8577
RHS 200x100x7.1,200,100,7.1,10.65,7.1,EN10210-2,31.4335,40.0427,5,10,2023.84,202.384,202.384,202.384,253.958,7.10928,673.97,134.794,134.794,134.794,155.203,4.10259,0,2023.84,673.97,0,0,7.10928,4.10259,1633.58,229.188,unsupported,unsupported,0.581716,13.3476,26.6951
RHS 200x100x8,200,100,8,12,8,EN10210-2,35.1313,44.7533,5,10,2233.6,223.36,223.36,223.36,281.95,7.06465,739.009,147.802,147.802,147.802,171.784,4.06362,0,2233.6,739.009,0,0,7.06465,4.06362,1804.46,251.233,unsupported,unsupported,0.579398,14.9178,29.8355
RHS 200x100x8.8,200,100,8.8,13.2,8.8,EN10210-2,38.3641,48.8715,5,10,2411.68,241.168,241.168,241.168,306.059,7.02477,793.31,158.662,158.662,158.662,185.958,4.02897,0,2411.68,793.31,0,0,7.02477,4.02897,1949.69,269.656,unsupported,unsupported,0.577338,16.2905,32.581
RHS 200x100x10,200,100,10,15,10,EN10210-2,43.1177,54.927,5,10,2664.25,266.425,266.425,266.425,340.867,6.96458,868.756,173.751,173.751,173.751,206.232,3.977,0,2664.25,868.756,0,0,6.96458,3.977,2155.89,295.299,unsupported,unsupported,0.574248,18.309,36.618
RHS 200x100x11,200,100,11,16.5,11,EN10210-2,46.9914,59.8617,5,10,2861.65,286.165,286.165,286.165,368.642,6.91407,926.309,185.262,185.262,185.262,222.234,3.93372,0,2861.65,926.309,0,0,6.91407,3.93372,2317.14,314.913,unsupported,unsupported,0.571673,19.9539,39.9078
RHS 200x100x12.5,200,100,12.5,18.75,12.5,EN10210-2,52.6526,67.0734,5,10,3135.96,313.596,313.596,313.596,408.228,6.8377,1003.95,200.791,200.791,200.791,244.736,3.86885,0,3135.96,1003.95,0,0,6.8377,3.86885,2541.18,341.479,unsupported,unsupported,0.56781,22.3578,44.7156
RHS 200x100x14.2,200,100,14.2,21.3,14.2,EN10210-2,58.8521,74.9708,5,10,3416.09,341.609,341.609,341.609,450.116,6.75024,1079.98,215.996,215.996,215.996,268.099,3.79544,0,3416.09,1079.98,0,0,6.75024,3.79544,2769.55,367.661,unsupported,unsupported,0.563432,24.9903,49.9805
RHS 200x100x16,200,100,16,24,16,EN10210-2,65.1653,83.0131,5,10,3678.23,367.823,367.823,367.823,491.072,6.6565,1147.48,229.495,229.495,229.495,290.407,3.71791,0,3678.23,1147.48,0,0,6.6565,3.71791,2982.21,391.11,unsupported,unsupported,0.558796,27.671,55.3421
RHS 200x100x17.5,200,100,17.5,26.25,17.5,EN10210-2,70.2292,89.4639,5,10,3870.49,387.049,387.049,387.049,522.573,6.57747,1194.17,238.834,238.834,238.834,307.128,3.6535,0,3870.49,1194.17,0,0,6.57747,3.6535,3136.91,407.493,unsupported,unsupported,0.554934,29.8213,59.6426
RHS 200x120x5,200,120,5,7.5,5,EN10210-2,24.1244,30.7317,6,10,1684.81,168.481,168.481,168.481,204.517,7.40426,762.381,127.063,127.063,127.063,143.59,4.98072,0,1684.81,762.381,0,0,7.40426,4.98072,1648.37,209.976,unsupported,unsupported,0.627124,11.5244,19.2073
RHS 200x120x6.3,200,120,6.3,9.45,6.3,EN10210-2,30.0706,38.3065,6,10,2065.32,206.532,206.532,206.532,252.702,7.34273,928.963,154.827,154.827,154.827,176.94,4.92451,0,2065.32,928.963,0,0,7.34273,4.92451,2028.04,255.488,unsupported,unsupported,0.623776,14.3649,23.9416
RHS 200x120x7.1,200,120,7.1,10.65,7.1,EN10210-2,33.6629,42.8827,6,10,2288.15,228.815,228.815,228.815,281.349,7.30468,1025.37,170.894,170.894,170.894,196.666,4.88988,0,2288.15,1025.37,0,0,7.30468,4.88988,2251.82,281.792,unsupported,unsupported,0.621716,16.081,26.8017
RHS 200x120x8,200,120,8,12,8,EN10210-2,37.6433,47.9533,6,10,2528.68,252.868,252.868,252.868,312.67,7.2617,1128.4,188.066,188.066,188.066,218.137,4.8509,0,2528.68,1128.4,0,0,7.2617,4.8509,2494.65,309.888,unsupported,unsupported,0.619398,17.9825,29.9708
RHS 200x120x8.8,200,120,8.8,13.2,8.8,EN10210-2,41.1273,52.3915,6,10,2733.61,273.361,273.361,273.361,339.71,7.22334,1215.27,202.545,202.545,202.545,236.589,4.81622,0,2733.61,1215.27,0,0,7.22334,4.81622,2702.61,333.571,unsupported,unsupported,0.617338,19.6468,32.7447
RHS 200x120x10,200,120,10,15,10,EN10210-2,46.2577,58.927,6,10,3025.58,302.558,302.558,302.558,378.867,7.16552,1337.48,222.913,222.913,222.913,263.159,4.76416,0,3025.58,1337.48,0,0,7.16552,4.76416,3000.73,366.895,unsupported,unsupported,0.614248,22.0976,36.8294
RHS 200x120x11,200,120,11,16.5,11,EN10210-2,50.4454,64.2617,6,10,3255.02,325.502,325.502,325.502,410.222,7.11707,1432.11,238.684,238.684,238.684,284.296,4.72076,0,3255.02,1432.11,0,0,7.11707,4.72076,3236.57,392.717,unsupported,unsupported,0.611673,24.0981,40.1635
RHS 200x120x12.5,200,120,12.5,18.75,12.5,EN10210-2,56.5776,72.0734,6,10,3576.07,357.607,357.607,357.607,455.103,7.04394,1562.17,260.361,260.361,260.361,314.31,4.6556,0,3576.07,1562.17,0,0,7.04394,4.6556,3569.05,428.269,unsupported,unsupported,0.60781,27.0275,45.0459
RHS 200x120x14.2,200,120,14.2,21.3,14.2,EN10210-2,63.3109,80.6508,6,10,3907.26,390.726,390.726,390.726,502.884,6.96036,1693.04,282.174,282.174,282.174,345.909,4.58173,0,3907.26,1693.04,0,0,6.96036,4.58173,3915.25,464.161,unsupported,unsupported,0.603432,30.244,50.4067
RHS 200x120x16,200,120,16,24,16,EN10210-2,70.1893,89.4131,6,10,4221.29,422.129,422.129,422.129,549.952,6.87103,1813.44,302.239,302.239,302.239,376.62,4.5035,0,4221.29,1813.44,0,0,6.87103,4.5035,4246.74,497.343,unsupported,unsupported,0.598796,33.5299,55.8832
RHS 200x120x17.5,200,120,17.5,26.25,17.5,EN10210-2,75.7242,96.4639,6,10,4455.14,445.514,445.514,445.514,586.448,6.79592,1900.23,316.704,316.704,316.704,400.092,4.43834,0,4455.14,1900.23,0,0,6.79592,4.43834,4495.72,521.408,unsupported,unsupported,0.594934,36.174,60.2899
RHS 200x150x5,200,150,5,7.5,5,EN10210-2,26.4794,33.7317,7.5,10,1970.06,197.006,197.006,197.006,233.767,7.64223,1264.55,168.606,168.606,168.606,191.938,6.12277,0,1970.06,1264.55,0,0,7.64223,6.12277,2386.22,266.931,unsupported,unsupported,0.687124,14.4565,19.2753
RHS 200x150x6.3,200,150,6.3,9.45,6.3,EN10210-2,33.0379,42.0865,7.5,10,2420.01,242.001,242.001,242.001,289.311,7.58293,1548.81,206.508,206.508,206.508,237.235,6.06635,0,2420.01,1548.81,0,0,7.58293,6.06635,2946.72,326.241,unsupported,unsupported,0.683776,18.0371,24.0494
RHS 200x150x7.1,200,150,7.1,10.65,7.1,EN10210-2,37.007,47.1427,7.5,10,2684.62,268.462,268.462,268.462,322.437,7.5463,1715.04,228.673,228.673,228.673,264.185,6.03157,0,2684.62,1715.04,0,0,7.5463,6.03157,3279.5,360.828,unsupported,unsupported,0.681716,20.204,26.9387
RHS 200x150x8,200,150,8,12,8,EN10210-2,41.4113,52.7533,7.5,10,2971.31,297.131,297.131,297.131,358.75,7.50497,1894.3,252.574,252.574,252.574,293.667,5.99239,0,2971.31,1894.3,0,0,7.50497,5.99239,3642.9,398.052,unsupported,unsupported,0.679398,22.6085,30.1447
RHS 200x150x8.8,200,150,8.8,13.2,8.8,EN10210-2,45.2721,57.6715,7.5,10,3216.51,321.651,321.651,321.651,390.187,7.46813,2046.88,272.917,272.917,272.917,319.136,5.95752,0,3216.51,2046.88,0,0,7.46813,5.95752,3956.2,429.681,unsupported,unsupported,0.677338,24.7163,32.9551
RHS 200x150x10,200,150,10,15,10,EN10210-2,50.9677,64.927,7.5,10,3567.58,356.758,356.758,356.758,435.867,7.41267,2264.04,301.872,301.872,301.872,356.049,5.90513,0,3567.58,2264.04,0,0,7.41267,5.90513,4409.06,474.629,unsupported,unsupported,0.674248,27.8259,37.1011
RHS 200x150x11,200,150,11,16.5,11,EN10210-2,55.6264,70.8617,7.5,10,3845.09,384.509,384.509,384.509,472.592,7.36627,2434.53,324.604,324.604,324.604,385.638,5.86141,0,3845.09,2434.53,0,0,7.36627,5.86141,4770.87,509.866,unsupported,unsupported,0.671673,30.3693,40.4924
RHS 200x150x12.5,200,150,12.5,18.75,12.5,EN10210-2,62.4651,79.5734,7.5,10,4236.22,423.622,423.622,423.622,525.416,7.29635,2672.89,356.385,356.385,356.385,428.045,5.7957,0,4236.22,2672.89,0,0,7.29635,5.7957,5287.18,559.081,unsupported,unsupported,0.66781,34.1029,45.4705
RHS 200x150x14.2,200,150,14.2,21.3,14.2,EN10210-2,69.9991,89.1708,7.5,10,4644,464.4,464.4,464.4,582.034,7.21664,2918.63,389.15,389.15,389.15,473.275,5.72108,0,4644,2918.63,0,0,7.21664,5.72108,5834.28,609.797,unsupported,unsupported,0.663432,38.2161,50.9547
RHS 200x150x16,200,150,16,24,16,EN10210-2,77.7253,99.0131,7.5,10,5035.88,503.588,503.588,503.588,638.272,7.13168,3151.68,420.223,420.223,420.223,517.939,5.64189,0,5035.88,3151.68,0,0,7.13168,5.64189,6369.83,657.917,unsupported,unsupported,0.658796,42.4342,56.5789
RHS 220x120x6.3,220,120,6.3,9.45,6.3,EN10210-2,32.0488,40.8265,6,11,2609.87,237.261,237.261,237.261,292.268,7.99537,1010.49,168.415,168.415,168.415,191.267,4.97502,0,2609.87,1010.49,0,0,7.99537,4.97502,2315.16,282.638,unsupported,unsupported,0.663776,14.4094,26.4172
RHS 220x120x7.1,220,120,7.1,10.65,7.1,EN10210-2,35.8923,45.7227,6,11,2894.68,263.152,263.152,263.152,325.652,7.95672,1115.98,185.997,185.997,185.997,212.698,4.94041,0,2894.68,1115.98,0,0,7.95672,4.94041,2571.52,311.962,unsupported,unsupported,0.661716,16.1374,29.5853
RHS 220x120x8,220,120,8,12,8,EN10210-2,40.1553,51.1533,6,11,3203.04,291.186,291.186,291.186,362.224,7.91307,1228.92,204.82,204.82,204.82,236.057,4.90146,0,3203.04,1228.92,0,0,7.91307,4.90146,2849.98,343.345,unsupported,unsupported,0.659398,18.0541,33.0992
RHS 220x120x8.8,220,120,8.8,13.2,8.8,EN10210-2,43.8905,55.9115,6,11,3466.59,315.145,315.145,315.145,393.862,7.8741,1324.31,220.719,220.719,220.719,256.16,4.86682,0,3466.59,1324.31,0,0,7.8741,4.86682,3088.72,369.855,unsupported,unsupported,0.657338,19.7335,36.178
RHS 220x120x10,220,120,10,15,10,EN10210-2,49.3977,62.927,6,11,3843.58,349.416,349.416,349.416,439.794,7.81537,1458.81,243.136,243.136,243.136,285.159,4.81484,0,3843.58,1458.81,0,0,7.81537,4.81484,3431.43,407.251,unsupported,unsupported,0.654248,22.2095,40.7175
RHS 220x120x11,220,120,11,16.5,11,EN10210-2,53.8994,68.6617,6,11,4141.2,376.472,376.472,376.472,476.684,7.76615,1563.24,260.54,260.54,260.54,308.276,4.77151,0,4141.2,1563.24,0,0,7.76615,4.77151,3703.02,436.317,unsupported,unsupported,0.651673,24.2335,44.4281
RHS 220x120x12.5,220,120,12.5,18.75,12.5,EN10210-2,60.5026,77.0734,6,11,4560.02,414.547,414.547,414.547,529.677,7.69185,1707.27,284.545,284.545,284.545,341.185,4.70651,0,4560.02,1707.27,0,0,7.69185,4.70651,4086.71,476.485,unsupported,unsupported,0.64781,27.2024,49.871
RHS 220x120x14.2,220,120,14.2,21.3,14.2,EN10210-2,67.7697,86.3308,6,11,4995.57,454.143,454.143,454.143,586.374,7.60693,1852.95,308.825,308.825,308.825,375.957,4.63285,0,4995.57,1852.95,0,0,7.60693,4.63285,4487.55,517.256,unsupported,unsupported,0.643432,30.4697,55.8611
RHS 220x120x16,220,120,16,24,16,EN10210-2,75.2133,95.8131,6,11,5412.74,492.068,492.068,492.068,642.565,7.51616,1987.86,331.31,331.31,331.31,409.9,4.55491,0,5412.74,1987.86,0,0,7.51616,4.55491,4873.03,555.212,unsupported,unsupported,0.638796,33.8164,61.9967
RHS 220x120x17.5,220,120,17.5,26.25,17.5,EN10210-2,81.2192,103.464,6,11,5726.83,520.621,520.621,520.621,686.412,7.43982,2085.87,347.645,347.645,347.645,435.967,4.49003,0,5726.83,2085.87,0,0,7.43982,4.49003,5164.02,582.959,unsupported,unsupported,0.634934,36.5167,66.9472
RHS 250x100x5,250,100,5,7.5,5,EN10210-2,26.4794,33.7317,5,12.5,2609.72,208.777,208.777,208.777,263.096,8.79584,618.182,123.636,123.636,123.636,137.608,4.28094,0,2609.72,618.182,0,0,8.79584,4.28094,1616.98,217.181,unsupported,unsupported,0.687124,9.63764,24.0941
RHS 250x100x6.3,250,100,6.3,9.45,6.3,EN10210-2,33.0379,42.0865,5,12.5,3207.13,256.571,256.571,256.571,325.637,8.72945,751.038,150.208,150.208,150.208,169.409,4.22434,0,3207.13,751.038,0,0,8.72945,4.22434,1983.29,263.732,unsupported,unsupported,0.683776,12.0247,30.0618
RHS 250x100x7.1,250,100,7.1,10.65,7.1,EN10210-2,37.007,47.1427,5,12.5,3558.68,284.695,284.695,284.695,362.939,8.68835,827.458,165.492,165.492,165.492,188.183,4.18953,0,3558.68,827.458,0,0,8.68835,4.18953,2197.88,290.522,unsupported,unsupported,0.681716,13.4693,33.6734
RHS 250x100x8,250,100,8,12,8,EN10210-2,41.4113,52.7533,5,12.5,3939.73,315.178,315.178,315.178,403.834,8.64188,908.716,181.743,181.743,181.743,208.584,4.15039,0,3939.73,908.716,0,0,8.64188,4.15039,2429.53,319.032,unsupported,unsupported,0.679398,15.0724,37.6809
RHS 250x100x8.8,250,100,8.8,13.2,8.8,EN10210-2,45.2721,57.6715,5,12.5,4265.75,341.26,341.26,341.26,439.238,8.60037,976.861,195.372,195.372,195.372,226.086,4.11563,0,4265.75,976.861,0,0,8.60037,4.11563,2626.84,342.97,unsupported,unsupported,0.677338,16.4776,41.1939
RHS 250x100x10,250,100,10,15,10,EN10210-2,50.9677,64.927,5,12.5,4732.71,378.617,378.617,378.617,490.684,8.53773,1072.09,214.418,214.418,214.418,251.232,4.06353,0,4732.71,1072.09,0,0,8.53773,4.06353,2907.77,376.487,unsupported,unsupported,0.674248,18.5506,46.3764
RHS 250x100x11,250,100,11,16.5,11,EN10210-2,55.6264,70.8617,5,12.5,5101.91,408.153,408.153,408.153,532.046,8.48518,1145.25,229.049,229.049,229.049,271.184,4.02016,0,5101.91,1145.25,0,0,8.48518,4.02016,3128.25,402.305,unsupported,unsupported,0.671673,20.2462,50.6155
RHS 250x100x12.5,250,100,12.5,18.75,12.5,EN10210-2,62.4651,79.5734,5,12.5,5622.36,449.789,449.789,449.789,591.537,8.40572,1244.84,248.968,248.968,248.968,299.424,3.95524,0,5622.36,1244.84,0,0,8.40572,3.95524,3436.04,437.588,unsupported,unsupported,0.66781,22.7353,56.8382
RHS 250x100x14.2,250,100,14.2,21.3,14.2,EN10210-2,69.9991,89.1708,5,12.5,6164.83,493.186,493.186,493.186,655.293,8.31475,1343.71,268.741,268.741,268.741,329.017,3.88187,0,6164.83,1343.71,0,0,8.31475,3.88187,3752.12,472.825,unsupported,unsupported,0.663432,25.4774,63.6934
RHS 250x100x16,250,100,16,24,16,EN10210-2,77.7253,99.0131,5,12.5,6685.76,534.861,534.861,534.861,718.605,8.2173,1433.13,286.626,286.626,286.626,357.607,3.80449,0,6685.76,1433.13,0,0,8.2173,3.80449,4049.58,504.951,unsupported,unsupported,0.658796,28.2895,70.7236
RHS 250x150x5,250,150,5,7.5,5,EN10210-2,30.4044,38.7317,7.5,12.5,3360.14,268.811,268.811,268.811,324.346,9.31418,1527.46,203.662,203.662,203.662,228.188,6.27989,0,3360.14,1527.46,0,0,9.31418,6.27989,3278.11,337.001,unsupported,unsupported,0.787124,14.5244,24.2073
RHS 250x150x6.3,250,150,6.3,9.45,6.3,EN10210-2,37.9834,48.3865,7.5,12.5,4142.73,331.418,331.418,331.418,402.402,9.25297,1874.25,249.9,249.9,249.9,282.501,6.22374,0,4142.73,1874.25,0,0,9.25297,6.22374,4053.59,412.948,unsupported,unsupported,0.783776,18.1449,30.2416
RHS 250x150x7.1,250,150,7.1,10.65,7.1,EN10210-2,42.5805,54.2427,7.5,12.5,4606.24,368.499,368.499,368.499,449.169,9.21515,2077.8,277.041,277.041,277.041,314.914,6.18916,0,4606.24,2077.8,0,0,9.21515,6.18916,4515.26,457.456,unsupported,unsupported,0.781716,20.341,33.9017
RHS 250x150x8,250,150,8,12,8,EN10210-2,47.6913,60.7533,7.5,12.5,5111.43,408.915,408.915,408.915,500.634,9.17248,2298.01,306.401,306.401,306.401,350.467,6.15023,0,5111.43,2298.01,0,0,9.17248,6.15023,5020.56,505.559,unsupported,unsupported,0.779398,22.7825,37.9708
RHS 250x150x8.8,250,150,8.8,13.2,8.8,EN10210-2,52.1801,66.4715,7.5,12.5,5546.22,443.698,443.698,443.698,545.366,9.13442,2486.07,331.476,331.476,331.476,381.264,6.1156,0,5546.22,2486.07,0,0,9.13442,6.1156,5457.26,546.608,unsupported,unsupported,0.777338,24.9268,41.5447
RHS 250x150x10,250,150,10,15,10,EN10210-2,58.8177,74.927,7.5,12.5,6173.55,493.884,493.884,493.884,610.684,9.07712,2754.88,367.317,367.317,367.317,426.049,6.06362,0,6173.55,2754.88,0,0,9.07712,6.06362,6090.45,605.249,unsupported,unsupported,0.774248,28.0976,46.8294
RHS 250x150x11,250,150,11,16.5,11,EN10210-2,64.2614,81.8617,7.5,12.5,6673.85,533.908,533.908,533.908,663.496,9.02917,2966.97,395.596,395.596,395.596,462.088,6.02027,0,6673.85,2966.97,0,0,9.02917,6.02027,6598.17,651.506,unsupported,unsupported,0.771673,30.6981,51.1635
RHS 250x150x12.5,250,150,12.5,18.75,12.5,EN10210-2,72.2776,92.0734,7.5,12.5,7386.68,590.934,590.934,590.934,739.974,8.95689,3265.33,435.378,435.378,435.378,513.982,5.9552,0,7386.68,3265.33,0,0,8.95689,5.9552,7326.01,716.592,unsupported,unsupported,0.76781,34.5275,57.5459
RHS 250x150x14.2,250,150,14.2,21.3,14.2,EN10210-2,81.1461,103.371,7.5,12.5,8141.07,651.286,651.286,651.286,822.711,8.87446,3575.69,476.759,476.759,476.759,569.693,5.8814,0,8141.07,3575.69,0,0,8.87446,5.8814,8102.28,784.361,unsupported,unsupported,0.763432,38.764,64.6067
RHS 250x150x16,250,150,16,24,16,EN10210-2,90.2853,115.013,7.5,12.5,8879.41,710.353,710.353,710.353,905.805,8.78655,3873.33,516.444,516.444,516.444,625.139,5.80321,0,8879.41,3873.33,0,0,8.78655,5.80321,8868.4,849.485,unsupported,unsupported,0.758796,43.1299,71.8832
RHS 260x140x6.3,260,140,6.3,9.45,6.3,EN10210-2,37.9834,48.3865,7,13,4354.55,334.965,334.965,334.965,410.928,9.48657,1660.09,237.156,237.156,237.156,267.046,5.85739,0,4354.55,1660.09,0,0,9.48657,5.85739,3802.95,399.166,unsupported,unsupported,0.783776,16.9353,31.4512
RHS 260x140x7.1,260,140,7.1,10.65,7.1,EN10210-2,42.5805,54.2427,7,13,4841.97,372.459,372.459,372.459,458.689,9.44801,1839.09,262.728,262.728,262.728,297.584,5.82279,0,4841.97,1839.09,0,0,9.44801,5.82279,4233.63,441.947,unsupported,unsupported,0.781716,18.9849,35.2578
RHS 260x140x8,260,140,8,12,8,EN10210-2,47.6913,60.7533,7,13,5373.29,413.33,413.33,413.33,511.25,9.40449,2032.38,290.34,290.34,290.34,331.051,5.78386,0,5373.29,2032.38,0,0,9.40449,5.78386,4704.32,488.116,unsupported,unsupported,0.779398,21.2636,39.4896
RHS 260x140x8.8,260,140,8.8,13.2,8.8,EN10210-2,52.1801,66.4715,7,13,5830.59,448.507,448.507,448.507,556.936,9.36567,2197.13,313.876,313.876,313.876,360.014,5.74924,0,5830.59,2197.13,0,0,9.36567,5.74924,5110.47,527.454,unsupported,unsupported,0.777338,23.265,43.2065
RHS 260x140x10,260,140,10,15,10,EN10210-2,58.8177,74.927,7,13,6490.46,499.266,499.266,499.266,623.648,9.30719,2432.06,347.437,347.437,347.437,402.086,5.69728,0,6490.46,2432.06,0,0,9.30719,5.69728,5698.24,583.548,unsupported,unsupported,0.774248,26.2244,48.7025
RHS 260x140x11,260,140,11,16.5,11,EN10210-2,64.2614,81.8617,7,13,7016.77,539.751,539.751,539.751,677.587,9.25824,2616.91,373.844,373.844,373.844,435.897,5.65398,0,7016.77,2616.91,0,0,9.25824,5.65398,6168.51,627.698,unsupported,unsupported,0.771673,28.6516,53.2101
RHS 260x140x12.5,260,140,12.5,18.75,12.5,EN10210-2,72.2776,92.0734,7,13,7766.7,597.439,597.439,597.439,755.699,9.18441,2876.09,410.87,410.87,410.87,484.508,5.589,0,7766.7,2876.09,0,0,9.18441,5.589,6840.84,689.657,unsupported,unsupported,0.76781,32.2257,59.8477
RHS 260x140x14.2,260,140,14.2,21.3,14.2,EN10210-2,81.1461,103.371,7,13,8560.42,658.494,658.494,658.494,840.203,9.10015,3144.44,449.206,449.206,449.206,536.582,5.51535,0,8560.42,3144.44,0,0,9.10015,5.51535,7555.23,753.932,unsupported,unsupported,0.763432,36.1798,67.191
RHS 260x140x16,260,140,16,24,16,EN10210-2,90.2853,115.013,7,13,9337.26,718.251,718.251,718.251,925.071,9.01024,3400.37,485.767,485.767,485.767,588.273,5.43737,0,9337.26,3400.37,0,0,9.01024,5.43737,8257.12,815.421,unsupported,unsupported,0.758796,40.2546,74.7585
RHS 260x180x6.3,260,180,6.3,9.45,6.3,EN10210-2,41.9398,53.4265,9,13,5165.69,397.361,397.361,397.361,474.86,9.833,2928.54,325.393,325.393,325.393,368.859,7.40367,0,5165.69,2928.54,0,0,9.833,7.40367,5809.99,523.72,unsupported,unsupported,0.863776,21.8563,31.5702
RHS 260x180x7.1,260,180,7.1,10.65,7.1,EN10210-2,47.0393,59.9227,9,13,5750.42,442.34,442.34,442.34,530.513,9.79612,3253.97,361.553,361.553,361.553,411.749,7.36905,0,5750.42,3253.97,0,0,9.79612,7.36905,6482.4,581.373,unsupported,unsupported,0.861716,24.5138,35.4089
RHS 260x180x8,260,180,8,12,8,EN10210-2,52.7153,67.1533,9,13,6389.69,491.515,491.515,491.515,591.89,9.75453,3608.13,400.903,400.903,400.903,458.957,7.33006,0,6389.69,3608.13,0,0,9.75453,7.33006,7221.48,644.015,unsupported,unsupported,0.859398,27.4718,39.6815
RHS 260x180x10,260,180,10,15,10,EN10210-2,65.0977,82.927,9,13,7741.13,595.471,595.471,595.471,723.648,9.66171,4350.78,483.42,483.42,483.42,559.94,7.24328,0,7741.13,4350.78,0,0,9.66171,7.24328,8798.35,775.078,unsupported,unsupported,0.854248,33.9247,49.0023
RHS 260x180x11,260,180,11,16.5,11,EN10210-2,71.1694,90.6617,9,13,8381.68,644.744,644.744,644.744,787.147,9.6151,4699.68,522.186,522.186,522.186,608.421,7.19983,0,8381.68,4699.68,0,0,9.6151,7.19983,9553.08,836.537,unsupported,unsupported,0.851673,37.0889,53.5728
RHS 260x180x12.5,260,180,12.5,18.75,12.5,EN10210-2,80.1276,102.073,9,13,9299.41,715.339,715.339,715.339,879.449,9.5449,5195.75,577.305,577.305,577.305,678.655,7.13457,0,9299.41,5195.75,0,0,9.5449,7.13457,10643.3,923.826,unsupported,unsupported,0.84781,41.7573,60.3161
RHS 260x180x14.2,260,180,14.2,21.3,14.2,EN10210-2,90.0637,114.731,9,13,10278.2,790.63,790.63,790.63,979.818,9.46495,5719.4,635.489,635.489,635.489,754.683,7.0605,0,10278.2,5719.4,0,0,9.46495,7.0605,11818.5,1015.89,unsupported,unsupported,0.843432,46.9353,67.7955
RHS 260x180x16,260,180,16,24,16,EN10210-2,100.333,127.813,9,13,11245.1,865.011,865.011,865.011,1081.23,9.37983,6230.58,692.286,692.286,692.286,831.099,6.98195,0,11245.1,6230.58,0,0,9.37983,6.98195,12993.4,1105.75,unsupported,unsupported,0.838796,52.2872,75.5259
RHS 280x250x6.3,280,250,6.3,9.45,6.3,EN10210-2,50.8417,64.7665,12.5,14,7821.78,558.698,558.698,558.698,650.248,10.9895,6575.28,526.022,526.022,526.022,601.993,10.0759,0,7821.78,6575.28,0,0,10.9895,10.0759,10968.8,801.712,unsupported,unsupported,1.04378,30.5502,34.2163
RHS 280x250x7.1,280,250,7.1,10.65,7.1,EN10210-2,57.0716,72.7027,12.5,14,8723.42,623.102,623.102,623.102,727.487,10.9539,7329.88,586.391,586.391,586.391,673.365,10.0409,0,8723.42,7329.88,0,0,10.9539,10.0409,12265.2,892.616,unsupported,unsupported,1.04172,34.2937,38.409
RHS 280x250x8,280,250,8,12,8,EN10210-2,64.0193,81.5533,12.5,14,9713.84,693.846,693.846,693.846,812.963,10.9138,8157.87,652.63,652.63,652.63,752.314,10.0016,0,9713.84,8157.87,0,0,10.9138,10.0016,13697.9,992.115,unsupported,unsupported,1.0394,38.4685,43.0847
RHS 280x250x8.8,280,250,8.8,13.2,8.8,EN10210-2,70.1409,89.3515,12.5,14,10573.2,755.225,755.225,755.225,887.689,10.8781,8875.45,710.036,710.036,710.036,821.298,9.96654,0,10573.2,8875.45,0,0,10.8781,9.96654,14948.6,1078.14,unsupported,unsupported,1.03734,42.1469,47.2045
RHS 280x250x10,280,250,10,15,10,EN10210-2,79.2277,100.927,12.5,14,11825.4,844.668,844.668,844.668,997.575,10.8244,9919.71,793.577,793.577,793.577,922.684,9.91393,0,11825.4,9919.71,0,0,10.8244,9.91393,16784.4,1203.01,unsupported,unsupported,1.03425,47.6071,53.3199
RHS 280x250x11,280,250,11,16.5,11,EN10210-2,86.7124,110.462,12.5,14,12835.5,916.825,916.825,916.825,1087.14,10.7796,10760.9,860.871,860.871,860.871,1005.27,9.87002,0,12835.5,10760.9,0,0,10.7796,9.87002,18277.7,1303.31,unsupported,unsupported,1.03167,52.1046,58.3571
RHS 280x250x12.5,280,250,12.5,18.75,12.5,EN10210-2,97.7901,124.573,12.5,14,14294.9,1021.07,1021.07,1021.07,1218.08,10.7122,11973.9,957.914,957.914,957.914,1125.91,9.80405,0,14294.9,11973.9,0,0,10.7122,9.80405,20455.3,1447.54,unsupported,unsupported,1.02781,58.761,65.8124
RHS 280x250x14.2,280,250,14.2,21.3,14.2,EN10210-2,110.128,140.291,12.5,14,15869.1,1133.51,1133.51,1133.51,1361.59,10.6356,13279.3,1062.34,1062.34,1062.34,1258,9.72911,0,15869.1,13279.3,0,0,10.6356,9.72911,22833.3,1602.23,unsupported,unsupported,1.02343,66.1749,74.1159
RHS 280x250x16,280,250,16,24,16,EN10210-2,122.941,156.613,12.5,14,17445.3,1246.09,1246.09,1246.09,1507.92,10.5542,14582.9,1166.63,1166.63,1166.63,1392.52,9.64957,0,17445.3,14582.9,0,0,10.5542,9.64957,25247.6,1756.19,unsupported,unsupported,1.0188,73.8741,82.739
RHS 300x100x6.3,300,100,6.3,9.45,6.3,EN10210-2,37.9834,48.3865,5,15,5111.48,340.766,340.766,340.766,438.728,10.2781,889.526,177.905,177.905,177.905,198.925,4.28763,0,5111.48,889.526,0,0,10.2781,4.28763,2503.59,319.097,unsupported,unsupported,0.783776,12.0966,36.2899
RHS 300x100x7.1,300,100,7.1,10.65,7.1,EN10210-2,42.5805,54.2427,5,15,5682.81,378.854,378.854,378.854,489.671,10.2355,980.946,196.189,196.189,196.189,221.162,4.25257,0,5682.81,980.946,0,0,10.2355,4.25257,2775.31,351.876,unsupported,unsupported,0.781716,13.5607,40.682
RHS 300x100x8,300,100,8,12,8,EN10210-2,47.6913,60.7533,5,15,6305.27,420.351,420.351,420.351,545.717,10.1875,1078.42,215.685,215.685,215.685,245.384,4.21318,0,6305.27,1078.42,0,0,10.1875,4.21318,3068.92,386.859,unsupported,unsupported,0.779398,15.1883,45.565
RHS 300x100x8.8,300,100,8.8,13.2,8.8,EN10210-2,52.1801,66.4715,5,15,6840.72,456.048,456.048,456.048,594.416,10.1446,1160.41,232.083,232.083,232.083,266.214,4.17819,0,6840.72,1160.41,0,0,10.1446,4.17819,3319.29,416.32,unsupported,unsupported,0.777338,16.6179,49.8536
RHS 300x100x10,300,100,10,15,10,EN10210-2,58.8177,74.927,5,15,7612.76,507.517,507.517,507.517,665.502,10.0798,1275.42,255.085,255.085,255.085,296.232,4.1258,0,7612.76,1275.42,0,0,10.0798,4.1258,3676.29,457.724,unsupported,unsupported,0.774248,18.7317,56.1952
RHS 300x100x11,300,100,11,16.5,11,EN10210-2,64.2614,81.8617,5,15,8227.95,548.53,548.53,548.53,722.95,10.0255,1364.18,272.836,272.836,272.836,320.134,4.08222,0,8227.95,1364.18,0,0,10.0255,4.08222,3957.01,489.759,unsupported,unsupported,0.771673,20.4654,61.3962
RHS 300x100x12.5,300,100,12.5,18.75,12.5,EN10210-2,72.2776,92.0734,5,15,9103.42,606.894,606.894,606.894,806.095,9.9434,1485.72,297.145,297.145,297.145,354.111,4.017,0,9103.42,1485.72,0,0,9.9434,4.017,4349.89,533.781,unsupported,unsupported,0.76781,23.0184,69.0551
RHS 300x100x14.2,300,100,14.2,21.3,14.2,EN10210-2,81.1461,103.371,5,15,10028.2,668.546,668.546,668.546,895.97,9.84946,1607.43,321.486,321.486,321.486,389.935,3.94337,0,10028.2,1607.43,0,0,9.84946,3.94337,4754.99,578.101,unsupported,unsupported,0.763432,25.8427,77.5281
RHS 300x100x16,300,100,16,24,16,EN10210-2,90.2853,115.013,5,15,10930.9,728.73,728.73,728.73,986.138,9.74889,1718.78,343.757,343.757,343.757,424.807,3.86578,0,10930.9,1718.78,0,0,9.74889,3.86578,5138.39,618.936,unsupported,unsupported,0.758796,28.7533,86.2598
RHS 300x150x7.1,300,150,7.1,10.65,7.1,EN10210-2,48.154,61.3427,7.5,15,7205.89,480.393,480.393,480.393,593.651,10.8383,2440.56,325.409,325.409,325.409,365.644,6.30759,0,7205.89,2440.56,0,0,10.8383,6.30759,5801.29,554.121,unsupported,unsupported,0.881716,20.4476,40.8951
RHS 300x150x8,300,150,8,12,8,EN10210-2,53.9713,68.7533,7.5,15,8010.98,534.065,534.065,534.065,662.517,10.7943,2701.72,360.229,360.229,360.229,407.267,6.26864,0,8010.98,2701.72,0,0,10.7943,6.26864,6453.97,613.115,unsupported,unsupported,0.879398,22.9178,45.8355
RHS 300x150x8.8,300,150,8.8,13.2,8.8,EN10210-2,59.0881,75.2715,7.5,15,8706.83,580.455,580.455,580.455,722.544,10.7551,2925.26,390.035,390.035,390.035,443.392,6.234,0,8706.83,2925.26,0,0,10.7551,6.234,7018.78,663.598,unsupported,unsupported,0.877338,25.0905,50.181
RHS 300x150x10,300,150,10,15,10,EN10210-2,66.6677,84.927,7.5,15,9716.09,647.74,647.74,647.74,810.502,10.696,3245.71,432.761,432.761,432.761,496.049,6.18204,0,9716.09,3245.71,0,0,10.696,6.18204,7839.09,735.96,unsupported,unsupported,0.874248,28.309,56.618
RHS 300x150x11,300,150,11,16.5,11,EN10210-2,72.8964,92.8617,7.5,15,10525.9,701.725,701.725,701.725,881.9,10.6466,3499.4,466.587,466.587,466.587,538.538,6.13873,0,10525.9,3499.4,0,0,10.6466,6.13873,8498.15,793.261,unsupported,unsupported,0.871673,30.9539,61.9078
RHS 300x150x12.5,300,150,12.5,18.75,12.5,EN10210-2,82.0901,104.573,7.5,15,11688.1,779.203,779.203,779.203,985.783,10.5721,3857.78,514.371,514.371,514.371,599.92,6.07377,0,11688.1,3857.78,0,0,10.5721,6.07377,9445.25,874.263,unsupported,unsupported,0.86781,34.8578,69.7156
RHS 300x150x14.2,300,150,14.2,21.3,14.2,EN10210-2,92.2931,117.571,7.5,15,12930.3,862.019,862.019,862.019,1098.89,10.4871,4232.75,564.367,564.367,564.367,666.111,6.00015,0,12930.3,4232.75,0,0,10.4871,6.00015,10458.9,959.146,unsupported,unsupported,0.863432,39.1903,78.3805
RHS 300x150x16,300,150,16,24,16,EN10210-2,102.845,131.013,7.5,15,14160.6,944.04,944.04,944.04,1213.34,10.3964,4594.98,612.664,612.664,612.664,732.339,5.92222,0,14160.6,4594.98,0,0,10.3964,5.92222,11463.8,1041.35,unsupported,unsupported,0.858796,43.671,87.3421
RHS 300x150x17.5,300,150,17.5,26.25,17.5,EN10210-2,111.442,141.964,7.5,15,15120.5,1008.03,1008.03,1008.03,1304.58,10.3203,4870.52,649.403,649.403,649.403,784.538,5.85732,0,15120.5,4870.52,0,0,10.3203,5.85732,12247.9,1104.08,unsupported,unsupported,0.854934,47.3213,94.6426
RHS 300x200x6.3,300,200,6.3,9.45,6.3,EN10210-2,47.8744,60.9865,10,15,7829.08,521.939,521.939,521.939,623.759,11.3302,4193.44,419.344,419.344,419.344,472.358,8.29217,0,7829.08,4193.44,0,0,11.3302,8.29217,8476.47,680.559,unsupported,unsupported,0.983776,24.3946,36.5919
RHS 300x200x7.1,300,200,7.1,10.65,7.1,EN10210-2,53.7275,68.4427,10,15,8728.97,581.931,581.931,581.931,697.63,11.2932,4666.97,466.697,466.697,466.697,527.876,8.2576,0,8728.97,4666.97,0,0,11.2932,8.2576,9468.52,756.783,unsupported,unsupported,0.981716,27.3771,41.0656
RHS 300x200x8,300,200,8,12,8,EN10210-2,60.2513,76.7533,10,15,9716.68,647.779,647.779,647.779,779.317,11.2515,5184.43,518.443,518.443,518.443,589.15,8.21868,0,9716.68,5184.43,0,0,11.2515,8.21868,10562.1,839.959,unsupported,unsupported,0.979398,30.7013,46.052
RHS 300x200x8.8,300,200,8.8,13.2,8.8,EN10210-2,65.9961,84.0715,10,15,10572.9,704.863,704.863,704.863,850.672,11.2143,5631,563.1,563.1,563.1,642.571,8.18406,0,10572.9,5631,0,0,11.2143,8.18406,11514.3,911.648,unsupported,unsupported,0.977338,33.6286,50.4429
RHS 300x200x10,300,200,10,15,10,EN10210-2,74.5177,94.927,10,15,11819.4,787.962,787.962,787.962,955.502,11.1584,6277.58,627.758,627.758,627.758,720.867,8.13208,0,11819.4,6277.58,0,0,11.1584,8.13208,12907.7,1015.31,unsupported,unsupported,0.974248,37.9708,56.9562
RHS 300x200x11,300,200,11,16.5,11,EN10210-2,81.5314,103.862,10,15,12823.8,854.921,854.921,854.921,1040.85,11.1117,6795.4,679.54,679.54,679.54,784.442,8.08872,0,12823.8,6795.4,0,0,11.1117,8.08872,14036.9,1098.22,unsupported,unsupported,0.971673,41.5447,62.317
RHS 300x200x12.5,300,200,12.5,18.75,12.5,EN10210-2,91.9026,117.073,10,15,14272.7,951.512,951.512,951.512,1165.47,11.0414,7537.01,753.701,753.701,753.701,876.978,8.02362,0,14272.7,7537.01,0,0,11.0414,8.02362,15676.5,1216.83,unsupported,unsupported,0.96781,46.8294,70.2441
RHS 300x200x14.2,300,200,14.2,21.3,14.2,EN10210-2,103.44,131.771,10,15,15832.4,1055.49,1055.49,1055.49,1301.81,10.9613,8327.71,832.771,832.771,832.771,977.788,7.94975,0,15832.4,8327.71,0,0,10.9613,7.94975,17456.7,1343.17,unsupported,unsupported,0.963432,52.7083,79.0625
RHS 300x200x16,300,200,16,24,16,EN10210-2,115.405,147.013,10,15,17390.3,1159.35,1159.35,1159.35,1440.54,10.8761,9108.84,910.884,910.884,910.884,1079.87,7.87143,0,17390.3,9108.84,0,0,10.8761,7.87143,19251.6,1467.93,unsupported,unsupported,0.958796,58.8052,88.2079
RHS 300x200x17.5,300,200,17.5,26.25,17.5,EN10210-2,125.179,159.464,10,15,18616.5,1241.1,1241.1,1241.1,1551.77,10.8048,9716.95,971.695,971.695,971.695,1161.32,7.80609,0,18616.5,9716.95,0,0,10.8048,7.80609,20677.3,1565.05,unsupported,unsupported,0.954934,63.7856,95.6783
RHS 300x250x6.3,300,250,6.3,9.45,6.3,EN10210-2,52.8199,67.2865,12.5,15,9187.88,612.525,612.525,612.525,716.275,11.6854,6949.52,555.961,555.961,555.961,632.699,10.1628,0,9187.88,6949.52,0,0,11.6854,10.1628,12155.1,861.556,unsupported,unsupported,1.08378,30.5848,36.7017
RHS 300x250x7.1,300,250,7.1,10.65,7.1,EN10210-2,59.301,75.5427,12.5,15,10252,683.47,683.47,683.47,801.61,11.6495,7748.9,619.912,619.912,619.912,707.857,10.128,0,10252,7748.9,0,0,11.6495,10.128,13594.9,959.612,unsupported,unsupported,1.08172,34.3376,41.2051
RHS 300x250x8,300,250,8,12,8,EN10210-2,66.5313,84.7533,12.5,15,11422.4,761.493,761.493,761.493,896.117,11.6091,8626.55,690.124,690.124,690.124,791.034,10.0888,0,11422.4,8626.55,0,0,11.6091,10.0888,15187,1067.04,unsupported,unsupported,1.0794,38.5242,46.2291
RHS 300x250x8.8,300,250,8.8,13.2,8.8,EN10210-2,72.9041,92.8715,12.5,15,12439.1,829.27,829.27,829.27,978.8,11.5732,9387.64,751.011,751.011,751.011,863.75,10.054,0,12439.1,9387.64,0,0,11.5732,10.054,16577.6,1160.01,unsupported,unsupported,1.07734,42.2143,50.6572
RHS 300x250x10,300,250,10,15,10,EN10210-2,82.3677,104.927,12.5,15,13922.8,928.184,928.184,928.184,1100.5,11.5191,10496,839.684,839.684,839.684,970.684,10.0016,0,13922.8,10496,0,0,11.5191,10.0016,18620.4,1295.09,unsupported,unsupported,1.07425,47.6941,57.2329
RHS 300x250x12.5,300,250,12.5,18.75,12.5,EN10210-2,101.715,129.573,12.5,15,16857.3,1123.82,1123.82,1123.82,1345.16,11.4061,12679.6,1014.37,1014.37,1014.37,1185.29,9.89226,0,16857.3,12679.6,0,0,11.4061,9.89226,22710.6,1560.23,unsupported,unsupported,1.06781,58.897,70.6764
RHS 300x250x14.2,300,250,14.2,21.3,14.2,EN10210-2,114.587,145.971,12.5,15,18734.4,1248.96,1248.96,1248.96,1504.72,11.3289,14069.8,1125.58,1125.58,1125.58,1324.97,9.81773,0,18734.4,14069.8,0,0,11.3289,9.81773,25364.9,1728.38,unsupported,unsupported,1.06343,66.3504,79.6204
RHS 300x250x16,300,250,16,24,16,EN10210-2,127.965,163.013,12.5,15,20619.9,1374.66,1374.66,1374.66,1667.74,11.2469,15460.4,1236.83,1236.83,1236.83,1467.4,9.73865,0,20619.9,15460.4,0,0,11.2469,9.73865,28063.9,1896.14,unsupported,unsupported,1.0588,74.0969,88.9162
RHS 350x150x6.3,350,150,6.3,9.45,6.3,EN10210-2,47.8744,60.9865,7.5,17.5,9481.42,541.795,541.795,541.795,675.835,12.4687,2525.13,336.684,336.684,336.684,373.032,6.43465,0,9481.42,2525.13,0,0,12.4687,6.43465,6388.98,586.428,unsupported,unsupported,0.983776,18.296,42.6906
RHS 350x150x7.1,350,150,7.1,10.65,7.1,EN10210-2,53.7275,68.4427,7.5,17.5,10572.3,604.133,604.133,604.133,755.882,12.4286,2803.33,373.777,373.777,373.777,416.373,6.3999,0,10572.3,2803.33,0,0,12.4286,6.3999,7121.83,650.806,unsupported,unsupported,0.981716,20.5328,47.9099
RHS 350x150x8,350,150,8,12,8,EN10210-2,60.2513,76.7533,7.5,17.5,11769.9,672.568,672.568,672.568,844.4,12.3834,3105.42,414.057,414.057,414.057,464.067,6.3608,0,11769.9,3105.42,0,0,12.3834,6.3608,7925.54,720.7,unsupported,unsupported,0.979398,23.026,53.7273
RHS 350x150x8.8,350,150,8.8,13.2,8.8,EN10210-2,65.9961,84.0715,7.5,17.5,12808.3,731.905,731.905,731.905,921.723,12.343,3364.45,448.594,448.594,448.594,505.52,6.32605,0,12808.3,3364.45,0,0,12.343,6.32605,8621.58,780.625,unsupported,unsupported,0.977338,25.2214,58.85
RHS 350x150x10,350,150,10,15,10,EN10210-2,74.5177,94.927,7.5,17.5,14320.2,818.299,818.299,818.299,1035.32,12.2823,3736.54,498.206,498.206,498.206,566.049,6.27394,0,14320.2,3736.54,0,0,12.2823,6.27394,9633.47,866.722,unsupported,unsupported,0.974248,28.4781,66.4489
RHS 350x150x12.5,350,150,12.5,18.75,12.5,EN10210-2,91.9026,117.073,7.5,17.5,17296.6,988.377,988.377,988.377,1262.84,12.1549,4450.23,593.364,593.364,593.364,685.857,6.16541,0,17296.6,4450.23,0,0,12.1549,6.16541,11618.8,1032.03,unsupported,unsupported,0.96781,35.122,81.9514
RHS 350x150x14.2,350,150,14.2,21.3,14.2,EN10210-2,103.44,131.771,7.5,17.5,19189.1,1096.52,1096.52,1096.52,1410.57,12.0675,4889.82,651.976,651.976,651.976,762.529,6.09168,0,19189.1,4889.82,0,0,12.0675,6.09168,12875.1,1134.06,unsupported,unsupported,0.963432,39.5312,92.2395
RHS 350x150x16,350,150,16,24,16,EN10210-2,115.405,147.013,7.5,17.5,21079.5,1204.54,1204.54,1204.54,1560.87,11.9743,5316.64,708.885,708.885,708.885,839.539,6.01368,0,21079.5,5316.64,0,0,11.9743,6.01368,14123.8,1233.38,unsupported,unsupported,0.958796,44.1039,102.909
RHS 350x250x6.3,350,250,6.3,9.45,6.3,EN10210-2,57.7654,73.5865,12.5,17.5,13202.9,754.452,754.452,754.452,892.366,13.3948,7885.11,630.809,630.809,630.809,709.464,10.3515,0,13202.9,7885.11,0,0,13.3948,10.3515,15214.5,1011.18,unsupported,unsupported,1.18378,30.6611,42.9255
RHS 350x250x7.1,350,250,7.1,10.65,7.1,EN10210-2,64.8745,82.6427,12.5,17.5,14747,842.687,842.687,842.687,999.341,13.3583,8796.46,703.717,703.717,703.717,794.087,10.317,0,14747,8796.46,0,0,13.3583,10.317,17024,1127.13,unsupported,unsupported,1.18172,34.4345,48.2082
RHS 350x250x8,350,250,8,12,8,EN10210-2,72.8113,92.7533,12.5,17.5,16449.3,939.963,939.963,939.963,1118,13.3171,9798.26,783.861,783.861,783.861,887.834,10.278,0,16449.3,9798.26,0,0,13.3171,10.278,19026.9,1254.38,unsupported,unsupported,1.1794,38.6472,54.1061
RHS 350x250x8.8,350,250,8.8,13.2,8.8,EN10210-2,79.8121,101.671,12.5,17.5,17931.8,1024.68,1024.68,1024.68,1221.98,13.2805,10668.1,853.449,853.449,853.449,969.878,10.2434,0,17931.8,10668.1,0,0,13.2805,10.2434,20778.3,1364.71,unsupported,unsupported,1.17734,42.3631,59.3084
RHS 350x250x10,350,250,10,15,10,EN10210-2,90.2177,114.927,12.5,17.5,20101.9,1148.68,1148.68,1148.68,1375.32,13.2254,11936.9,954.95,954.95,954.95,1090.68,10.1914,0,20101.9,11936.9,0,0,13.2254,10.1914,23354.4,1525.38,unsupported,unsupported,1.17425,47.8862,67.0407
RHS 350x250x11,350,250,11,16.5,11,EN10210-2,98.8014,125.862,12.5,17.5,21861.6,1249.23,1249.23,1249.23,1500.7,13.1793,12961.6,1036.93,1036.93,1036.93,1189.3,10.148,0,21861.6,12961.6,0,0,13.1793,10.148,25454.6,1654.94,unsupported,unsupported,1.17167,52.4424,73.4193
RHS 350x250x12.5,350,250,12.5,18.75,12.5,EN10210-2,111.528,142.073,12.5,17.5,24419,1395.37,1395.37,1395.37,1684.72,13.1101,14444,1155.52,1155.52,1155.52,1333.72,10.0829,0,24419,14444,0,0,13.1101,10.0829,28525.8,1842.06,unsupported,unsupported,1.16781,59.1973,82.8762
RHS 350x250x14.2,350,250,14.2,21.3,14.2,EN10210-2,125.734,160.171,12.5,17.5,27200,1554.28,1554.28,1554.28,1887.4,13.0314,16046,1283.68,1283.68,1283.68,1492.38,10.009,0,27200,16046,0,0,13.0314,10.009,31892.3,2043.93,unsupported,unsupported,1.16343,66.7378,93.433
RHS 350x250x16,350,250,16,24,16,EN10210-2,140.525,179.013,12.5,17.5,30010.8,1714.9,1714.9,1714.9,2095.27,12.9478,17654,1412.32,1412.32,1412.32,1654.6,9.93069,0,30010.8,17654,0,0,12.9478,9.93069,35325.2,2246.24,unsupported,unsupported,1.1588,74.5888,104.424
RHS 350x300x6.3,350,300,6.3,9.45,6.3,EN10210-2,62.7109,79.8865,15,17.5,15063.7,860.781,860.781,860.781,1000.63,13.7318,11905.5,793.698,793.698,793.698,901.306,12.2078,0,15063.7,11905.5,0,0,13.7318,12.2078,20348,1223.7,unsupported,unsupported,1.28378,36.8707,43.0158
RHS 350x300x7.1,350,300,7.1,10.65,7.1,EN10210-2,70.448,89.7427,15,17.5,16834.4,961.964,961.964,961.964,1121.07,13.6962,13298.2,886.547,886.547,886.547,1009.57,12.173,0,16834.4,13298.2,0,0,13.6962,12.173,22786.5,1365.48,unsupported,unsupported,1.28172,41.4197,48.323
RHS 350x300x8,350,300,8,12,8,EN10210-2,79.0913,100.753,15,17.5,18789.1,1073.66,1073.66,1073.66,1254.8,13.656,14833.8,988.92,988.92,988.92,1129.72,12.1338,0,18789.1,14833.8,0,0,13.656,12.1338,25490.9,1521.49,unsupported,unsupported,1.2794,46.5015,54.2518
RHS 350x300x8.8,350,300,8.8,13.2,8.8,EN10210-2,86.7201,110.471,15,17.5,20493.6,1171.06,1171.06,1171.06,1372.11,13.6202,16171.3,1078.09,1078.09,1078.09,1235.06,12.0989,0,20493.6,16171.3,0,0,13.6202,12.0989,27860.4,1657.11,unsupported,unsupported,1.27734,50.9868,59.4846
RHS 350x300x10,350,300,10,15,10,EN10210-2,98.0677,124.927,15,17.5,22992.7,1313.87,1313.87,1313.87,1545.32,13.5665,18129.4,1208.63,1208.63,1208.63,1390.5,12.0466,0,22992.7,18129.4,0,0,13.5665,12.0466,31354.1,1855.23,unsupported,unsupported,1.27425,57.6586,67.2684
RHS 350x300x11,350,300,11,16.5,11,EN10210-2,107.436,136.862,15,17.5,25023,1429.89,1429.89,1429.89,1687.15,13.5216,19717.6,1314.51,1314.51,1314.51,1517.7,12.0029,0,25023,19717.6,0,0,13.5216,12.0029,34210,2015.56,unsupported,unsupported,1.27167,63.1669,73.6947
RHS 350x300x12.5,350,300,12.5,18.75,12.5,EN10210-2,121.34,154.573,15,17.5,27980.2,1598.87,1598.87,1598.87,1895.65,13.4542,22026.6,1468.44,1468.44,1468.44,1704.53,11.9373,0,27980.2,22026.6,0,0,13.4542,11.9373,38399.7,2248.07,unsupported,unsupported,1.26781,71.3416,83.2318
RHS 350x300x14.2,350,300,14.2,21.3,14.2,EN10210-2,136.881,174.371,15,17.5,31205.4,1783.17,1783.17,1783.17,2125.82,13.3776,24538.6,1635.91,1635.91,1635.91,1910.56,11.8628,0,31205.4,24538.6,0,0,13.3776,11.8628,43012.1,2500.29,unsupported,unsupported,1.26343,80.4788,93.892
RHS 350x300x16,350,300,16,24,16,EN10210-2,153.085,195.013,15,17.5,34476.4,1970.08,1970.08,1970.08,2362.47,13.2962,27079.2,1805.28,1805.28,1805.28,2122.14,11.7838,0,34476.4,27079.2,0,0,13.2962,11.7838,47738.8,2754.65,unsupported,unsupported,1.2588,90.006,105.007
RHS 400x120x6.3,400,120,6.3,9.45,6.3,EN10210-2,49.8526,63.5065,6,20,11790,589.5,589.5,589.5,761.767,13.6254,1744.24,290.707,290.707,290.707,320.202,5.24076,0,11790,1744.24,0,0,13.6254,5.24076,5039.45,527.103,unsupported,unsupported,1.02378,14.6554,48.8512
RHS 400x120x7.1,400,120,7.1,10.65,7.1,EN10210-2,55.9569,71.2827,6,20,13150.1,657.504,657.504,657.504,852.176,13.5823,1931.55,321.926,321.926,321.926,356.984,5.20549,0,13150.1,1931.55,0,0,13.5823,5.20549,5603.38,583.655,unsupported,unsupported,1.02172,16.4499,54.8328
RHS 400x120x8,400,120,8,12,8,EN10210-2,62.7633,79.9533,6,20,14644.1,732.204,732.204,732.204,952.203,13.5336,2133.62,355.604,355.604,355.604,397.337,5.16584,0,14644.1,2133.62,0,0,13.5336,5.16584,6217.86,644.691,unsupported,unsupported,1.0194,18.4508,61.5025
RHS 400x120x8.8,400,120,8.8,13.2,8.8,EN10210-2,68.7593,87.5915,6,20,15940.3,797.015,797.015,797.015,1039.62,13.4902,2305.7,384.283,384.283,384.283,432.301,5.13063,0,15940.3,2305.7,0,0,13.4902,5.13063,6746.49,696.699,unsupported,unsupported,1.01734,20.2134,67.378
RHS 400x120x10,400,120,10,15,10,EN10210-2,77.6577,98.927,6,20,17829,891.448,891.448,891.448,1168.14,13.4247,2550.81,425.136,425.136,425.136,483.159,5.07787,0,17829,2550.81,0,0,13.4247,5.07787,7508.74,770.858,unsupported,unsupported,1.01425,22.8293,76.0977
RHS 400x120x12.5,400,120,12.5,18.75,12.5,EN10210-2,95.8276,122.073,6,20,21552.1,1077.61,1077.61,1077.61,1425.84,13.2872,3013.21,502.201,502.201,502.201,583.06,4.96826,0,21552.1,3013.21,0,0,13.2872,4.96826,8980.23,911.119,unsupported,unsupported,1.00781,28.1708,93.9026
RHS 400x120x14.2,400,120,14.2,21.3,14.2,EN10210-2,107.899,137.451,6,20,23923.3,1196.17,1196.17,1196.17,1593.39,13.1928,3292.08,548.681,548.681,548.681,646.381,4.89398,0,23923.3,3292.08,0,0,13.1928,4.89398,9892.63,996.054,unsupported,unsupported,1.00343,31.7194,105.731
RHS 400x120x16,400,120,16,24,16,EN10210-2,120.429,153.413,6,20,26295,1314.75,1314.75,1314.75,1764.08,13.092,3557.65,592.942,592.942,592.942,709.42,4.8156,0,26295,3557.65,0,0,13.092,4.8156,10782.6,1077.28,unsupported,unsupported,0.998796,35.403,118.01
RHS 400x150x6.3,400,150,6.3,9.45,6.3,EN10210-2,52.8199,67.2865,7.5,20,13254.9,662.744,662.744,662.744,836.176,14.0354,2850.57,380.076,380.076,380.076,418.297,6.50882,0,13254.9,2850.57,0,0,14.0354,6.50882,7594.57,673.184,unsupported,unsupported,1.08378,18.3509,48.9357
RHS 400x150x7.1,400,150,7.1,10.65,7.1,EN10210-2,59.301,75.5427,7.5,20,14794.3,739.715,739.715,739.715,935.864,13.9943,3166.09,422.145,422.145,422.145,467.103,6.47389,0,14794.3,3166.09,0,0,13.9943,6.47389,8467.08,747.504,unsupported,unsupported,1.08172,20.6026,54.9401
RHS 400x150x8,400,150,8,12,8,EN10210-2,66.5313,84.7533,7.5,20,16488.3,824.416,824.416,824.416,1046.28,13.9479,3509.13,467.884,467.884,467.884,520.867,6.4346,0,16488.3,3509.13,0,0,13.9479,6.4346,9424.37,828.302,unsupported,unsupported,1.0794,23.1145,61.6387
RHS 400x150x8.8,400,150,8.8,13.2,8.8,EN10210-2,72.9041,92.8715,7.5,20,17960.7,898.036,898.036,898.036,1142.9,13.9066,3803.64,507.153,507.153,507.153,567.648,6.39969,0,17960.7,3803.64,0,0,13.9066,6.39969,10253.8,897.675,unsupported,unsupported,1.07734,25.3286,67.5429
RHS 400x150x10,400,150,10,15,10,EN10210-2,82.3677,104.927,7.5,20,20111,1005.55,1005.55,1005.55,1285.14,13.8444,4227.38,563.65,563.65,563.65,636.049,6.34734,0,20111,4227.38,0,0,13.8444,6.34734,11460.4,997.516,unsupported,unsupported,1.07425,28.6165,76.3105
RHS 400x150x12.5,400,150,12.5,18.75,12.5,EN10210-2,101.715,129.573,7.5,20,24368.6,1218.43,1218.43,1218.43,1571.15,13.7138,5042.68,672.357,672.357,672.357,771.795,6.23839,0,24368.6,5042.68,0,0,13.7138,6.23839,13830.6,1189.84,unsupported,unsupported,1.06781,35.3382,94.2352
RHS 400x150x14.2,400,150,14.2,21.3,14.2,EN10210-2,114.587,145.971,7.5,20,27095.1,1354.75,1354.75,1354.75,1757.74,13.6242,5546.88,739.584,739.584,739.584,858.947,6.16441,0,27095.1,5546.88,0,0,13.6242,6.16441,15333.1,1309.04,unsupported,unsupported,1.06343,39.8102,106.161
RHS 400x150x16,400,150,16,24,16,EN10210-2,127.965,163.013,7.5,20,29836,1491.8,1491.8,1491.8,1948.4,13.5288,6038.29,805.105,805.105,805.105,946.739,6.08619,0,29836,6038.29,0,0,13.5288,6.08619,16829,1425.52,unsupported,unsupported,1.0588,44.4581,118.555
RHS 400x200x6.3,400,200,6.3,9.45,6.3,EN10210-2,57.7654,73.5865,10,20,15696.3,784.817,784.817,784.817,960.192,14.6049,5375.73,537.573,537.573,537.573,594.389,8.54711,0,15696.3,5375.73,0,0,14.6049,8.54711,12611.9,916.925,unsupported,unsupported,1.18378,24.5288,49.0577
RHS 400x200x7.1,400,200,7.1,10.65,7.1,EN10210-2,64.8745,82.6427,10,20,17534.7,876.733,876.733,876.733,1075.34,14.5662,5988.53,598.853,598.853,598.853,664.835,8.51252,0,17534.7,5988.53,0,0,14.5662,8.51252,14096.2,1020.97,unsupported,unsupported,1.18172,27.5476,55.0951
RHS 400x200x8,400,200,8,12,8,EN10210-2,72.8113,92.7533,10,20,19562,978.101,978.101,978.101,1203.08,14.5225,6659.84,665.984,665.984,665.984,742.75,8.47359,0,19562,6659.84,0,0,14.5225,8.47359,15734.9,1134.86,unsupported,unsupported,1.1794,30.9178,61.8355
RHS 400x200x8.8,400,200,8.8,13.2,8.8,EN10210-2,79.8121,101.671,10,20,21328.1,1066.41,1066.41,1066.41,1315.03,14.4836,7240.67,724.067,724.067,724.067,810.827,8.43898,0,21328.1,7240.67,0,0,14.4836,8.43898,17163.9,1233.35,unsupported,unsupported,1.17734,33.8905,67.781
RHS 400x200x10,400,200,10,15,10,EN10210-2,90.2177,114.927,10,20,23914.3,1195.71,1195.71,1195.71,1480.14,14.4251,8084.25,808.425,808.425,808.425,910.867,8.38704,0,23914.3,8084.25,0,0,14.4251,8.38704,19258.9,1376.31,unsupported,unsupported,1.17425,38.309,76.618
RHS 400x200x11,400,200,11,16.5,11,EN10210-2,98.8014,125.862,10,20,26012.2,1300.61,1300.61,1300.61,1615.16,14.3761,8762.27,876.227,876.227,876.227,992.342,8.34376,0,26012.2,8762.27,0,0,14.3761,8.34376,20960.5,1491.17,unsupported,unsupported,1.17167,41.9539,83.9078
RHS 400x200x12.5,400,200,12.5,18.75,12.5,EN10210-2,111.528,142.073,10,20,29062.6,1453.13,1453.13,1453.13,1813.34,14.3025,9737.53,973.753,973.753,973.753,1111.35,8.27881,0,29062.6,9737.53,0,0,14.3025,8.27881,23437.8,1656.34,unsupported,unsupported,1.16781,47.3578,94.7156
RHS 400x200x14.2,400,200,14.2,21.3,14.2,EN10210-2,125.734,160.171,10,20,32381.4,1619.07,1619.07,1619.07,2031.66,14.2186,10783.5,1078.35,1078.35,1078.35,1241.62,8.20519,0,32381.4,10783.5,0,0,14.2186,8.20519,26137.3,1833.51,unsupported,unsupported,1.16343,53.3903,106.781
RHS 400x200x16,400,200,16,24,16,EN10210-2,140.525,179.013,10,20,35737.6,1786.88,1786.88,1786.88,2255.6,14.1293,11824.2,1182.42,1182.42,1182.42,1374.27,8.12723,0,35737.6,11824.2,0,0,14.1293,8.12723,28871.3,2009.86,unsupported,unsupported,1.1588,59.671,119.342
RHS 400x300x6.3,400,300,6.3,9.45,6.3,EN10210-2,67.6564,86.1865,15,20,20579.2,1028.96,1028.96,1028.96,1208.22,15.4524,13264.3,884.285,884.285,884.285,993.821,12.4057,0,20579.2,13264.3,0,0,15.4524,12.4057,24739.5,1404.81,unsupported,unsupported,1.38378,36.9371,49.2494
RHS 400x300x7.1,400,300,7.1,10.65,7.1,EN10210-2,76.0215,96.8427,15,20,23015.4,1150.77,1150.77,1150.77,1354.3,15.4162,14821.3,988.085,988.085,988.085,1113.55,12.3711,0,23015.4,14821.3,0,0,15.4162,12.3711,27713.3,1568.47,unsupported,unsupported,1.38172,41.504,55.3387
RHS 400x300x8,400,300,8,12,8,EN10210-2,85.3713,108.753,15,20,25709.4,1285.47,1285.47,1285.47,1516.68,15.3754,16539.5,1102.63,1102.63,1102.63,1246.52,12.3322,0,25709.4,16539.5,0,0,15.3754,12.3322,31014,1748.8,unsupported,unsupported,1.3794,46.6085,62.1447
RHS 400x300x8.8,400,300,8.8,13.2,8.8,EN10210-2,93.6281,119.271,15,20,28062.9,1403.14,1403.14,1403.14,1659.29,15.339,18037.4,1202.49,1202.49,1202.49,1363.18,12.2975,0,28062.9,18037.4,0,0,15.339,12.2975,33908.2,1905.76,unsupported,unsupported,1.37734,51.1163,68.1551
RHS 400x300x10,400,300,10,15,10,EN10210-2,105.918,134.927,15,20,31521,1576.05,1576.05,1576.05,1870.14,15.2845,20232.8,1348.85,1348.85,1348.85,1535.5,12.2455,0,31521,20232.8,0,0,15.2845,12.2455,38179.6,2135.45,unsupported,unsupported,1.37425,57.8259,77.1011
RHS 400x300x12.5,400,300,12.5,18.75,12.5,EN10210-2,131.153,167.073,15,20,38450.6,1922.53,1922.53,1922.53,2297.71,15.1704,24611.2,1640.75,1640.75,1640.75,1884.22,12.137,0,38450.6,24611.2,0,0,15.1704,12.137,46809.8,2592.25,unsupported,unsupported,1.36781,71.6029,95.4705
RHS 400x300x14.2,400,300,14.2,21.3,14.2,EN10210-2,148.028,188.571,15,20,42953.9,2147.69,2147.69,2147.69,2579.5,15.0926,27440.7,1829.38,1829.38,1829.38,2113.48,12.0631,0,42953.9,27440.7,0,0,15.0926,12.0631,52472.1,2886.62,unsupported,unsupported,1.36343,80.8161,107.755
RHS 400x300x16,400,300,16,24,16,EN10210-2,165.645,211.013,15,20,47540.9,2377.05,2377.05,2377.05,2870,15.0099,30308.9,2020.59,2020.59,2020.59,2349.34,11.9848,0,47540.9,30308.9,0,0,15.0099,11.9848,58286.4,3184.42,unsupported,unsupported,1.3588,90.4342,120.579
RHS 440x350x6.3,440,350,6.3,9.45,6.3,EN10210-2,76.5583,97.5265,17.5,22,28726.3,1305.74,1305.74,1305.74,1522.25,17.1624,20273.8,1158.5,1158.5,1158.5,1303.77,14.418,0,28726.3,20273.8,0,0,17.1624,14.418,36316.2,1818.92,unsupported,unsupported,1.56378,43.208,54.3186
RHS 440x350x7.1,440,350,7.1,10.65,7.1,EN10210-2,86.0538,109.623,17.5,22,32154.3,1461.56,1461.56,1461.56,1707.35,17.1265,22679,1295.94,1295.94,1295.94,1461.91,14.3834,0,32154.3,22679,0,0,17.1265,14.3834,40713.1,2033.12,unsupported,unsupported,1.56172,48.567,61.0557
RHS 440x350x8,440,350,8,12,8,EN10210-2,96.6753,123.153,17.5,22,35952.6,1634.21,1634.21,1634.21,1913.39,17.0861,25340.2,1448.01,1448.01,1448.01,1637.84,14.3444,0,35952.6,25340.2,0,0,17.0861,14.3444,45602.3,2269.76,unsupported,unsupported,1.5594,54.5616,68.5917
RHS 440x350x8.8,440,350,8.8,13.2,8.8,EN10210-2,106.062,135.111,17.5,22,39277.6,1785.35,1785.35,1785.35,2094.6,17.0501,27666.5,1580.94,1580.94,1580.94,1792.47,14.3097,0,39277.6,27666.5,0,0,17.0501,14.3097,49897.2,2476.29,unsupported,unsupported,1.55734,59.8595,75.252
RHS 440x350x10,440,350,10,15,10,EN10210-2,120.048,152.927,17.5,22,44175.2,2007.96,2007.96,2007.96,2362.99,16.996,31087.1,1776.4,1776.4,1776.4,2021.32,14.2576,0,44175.2,31087.1,0,0,16.996,14.2576,56250,2779.47,unsupported,unsupported,1.55425,67.7525,85.1745
RHS 440x350x11,440,350,11,16.5,11,EN10210-2,131.614,167.662,17.5,22,48174.7,2189.76,2189.76,2189.76,2583.53,16.9509,33875,1935.72,1935.72,1935.72,2209.21,14.2142,0,48174.7,33875,0,0,16.9509,14.2142,61461.9,3026.13,unsupported,unsupported,1.55167,74.2805,93.3812
RHS 440x350x12.5,440,350,12.5,18.75,12.5,EN10210-2,148.815,189.573,17.5,22,54035.8,2456.17,2456.17,2456.17,2909.05,16.8831,37951.5,2168.66,2168.66,2168.66,2486.28,14.149,0,54035.8,37951.5,0,0,16.8831,14.149,69140.6,3386.09,unsupported,unsupported,1.54781,83.9882,105.585
RHS 440x350x14.2,440,350,14.2,21.3,14.2,EN10210-2,168.093,214.131,17.5,22,60480,2749.09,2749.09,2749.09,3270.32,16.8061,42420.6,2424.03,2424.03,2424.03,2793.39,14.075,0,60480,42420.6,0,0,16.8061,14.075,77641.5,3779.8,unsupported,unsupported,1.54343,94.8681,119.263
RHS 440x350x16,440,350,16,24,16,EN10210-2,188.253,239.813,17.5,22,67076.5,3048.93,3048.93,3048.93,3644.03,16.7243,46980.2,2684.59,2684.59,2684.59,3110.63,13.9966,0,67076.5,46980.2,0,0,16.7243,13.9966,86410.1,4180.57,unsupported,unsupported,1.5388,106.246,133.567
RHS 450x250x6.3,450,250,6.3,9.45,6.3,EN10210-2,67.6564,86.1865,12.5,22.5,24071.2,1069.83,1069.83,1069.83,1291.8,16.712,9756.3,780.504,780.504,780.504,862.995,10.6395,0,24071.2,9756.3,0,0,16.712,10.6395,21634.3,1310.48,unsupported,unsupported,1.38378,30.7809,55.4056
RHS 450x250x7.1,450,250,7.1,10.65,7.1,EN10210-2,76.0215,96.8427,12.5,22.5,26924.8,1196.66,1196.66,1196.66,1448.05,16.6741,10891.6,871.326,871.326,871.326,966.546,10.605,0,26924.8,10891.6,0,0,16.6741,10.605,24218.8,1462.22,unsupported,unsupported,1.38172,34.5867,62.256
RHS 450x250x8,450,250,8,12,8,EN10210-2,85.3713,108.753,12.5,22.5,30081.5,1336.96,1336.96,1336.96,1621.77,16.6314,12141.7,971.334,971.334,971.334,1081.43,10.5662,0,30081.5,12141.7,0,0,16.6314,10.5662,27083,1629.14,unsupported,unsupported,1.3794,38.8405,69.9128
RHS 450x250x8.8,450,250,8.8,13.2,8.8,EN10210-2,93.6281,119.271,12.5,22.5,32840.1,1459.56,1459.56,1459.56,1774.34,16.5933,13229.1,1058.32,1058.32,1058.32,1182.13,10.5316,0,32840.1,13229.1,0,0,16.5933,10.5316,29590.4,1774.22,unsupported,unsupported,1.37734,42.597,76.6745
RHS 450x250x10,450,250,10,15,10,EN10210-2,105.918,134.927,12.5,22.5,36894.9,1639.77,1639.77,1639.77,1999.95,16.5361,14818.5,1185.48,1185.48,1185.48,1330.68,10.4798,0,36894.9,14818.5,0,0,16.5361,10.4798,33284,1986.11,unsupported,unsupported,1.37425,48.1882,86.7388
RHS 450x250x11,450,250,11,16.5,11,EN10210-2,116.071,147.862,12.5,22.5,40198.5,1786.6,1786.6,1786.6,2185.01,16.4883,16105.5,1288.44,1288.44,1288.44,1452.2,10.4366,0,40198.5,16105.5,0,0,16.4883,10.4366,36300.1,2157.53,unsupported,unsupported,1.37167,52.8077,95.0539
RHS 450x250x12.5,450,250,12.5,18.75,12.5,EN10210-2,131.153,167.073,12.5,22.5,45026.3,2001.17,2001.17,2001.17,2457.58,16.4165,17972.6,1437.81,1437.81,1437.81,1630.6,10.3717,0,45026.3,17972.6,0,0,16.4165,10.3717,40719.5,2406.03,unsupported,unsupported,1.36781,59.6691,107.404
RHS 450x250x14.2,450,250,14.2,21.3,14.2,EN10210-2,148.028,188.571,12.5,22.5,50314.9,2236.22,2236.22,2236.22,2759.26,16.3347,19998.5,1599.88,1599.88,1599.88,1827.22,10.2982,0,50314.9,19998.5,0,0,16.3347,10.2982,45576.7,2675.47,unsupported,unsupported,1.36343,67.3467,121.224
RHS 450x250x16,450,250,16,24,16,EN10210-2,165.645,211.013,12.5,22.5,55705.5,2475.8,2475.8,2475.8,3070.34,16.2478,22041.3,1763.31,1763.31,1763.31,2029,10.2203,0,55705.5,22041.3,0,0,16.2478,10.2203,50545.3,2947.03,unsupported,unsupported,1.3588,75.3618,135.651
RHS 500x200x6.3,500,200,6.3,9.45,6.3,EN10210-2,67.6564,86.1865,10,25,27242.9,1089.72,1089.72,1089.72,1359.62,17.779,6558.01,655.801,655.801,655.801,716.42,8.72301,0,27242.9,6558.01,0,0,17.779,8.72301,16921.8,1153.33,unsupported,unsupported,1.38378,24.6247,61.5618
RHS 500x200x7.1,500,200,7.1,10.65,7.1,EN10210-2,76.0215,96.8427,10,25,30472.5,1218.9,1218.9,1218.9,1524.06,17.7387,7310.1,731.01,731.01,731.01,801.794,8.68817,0,30472.5,7310.1,0,0,17.7387,8.68817,18918.1,1285.2,unsupported,unsupported,1.38172,27.6693,69.1734
RHS 500x200x8,500,200,8,12,8,EN10210-2,85.3713,108.753,10,25,34045,1361.8,1361.8,1361.8,1706.85,17.6932,8135.25,813.525,813.525,813.525,896.35,8.64897,0,34045,8135.25,0,0,17.6932,8.64897,21123.5,1429.84,unsupported,unsupported,1.3794,31.0724,77.6809
RHS 500x200x8.8,500,200,8.8,13.2,8.8,EN10210-2,93.6281,119.271,10,25,37166.9,1486.67,1486.67,1486.67,1867.39,17.6526,8850.33,885.033,885.033,885.033,979.083,8.61413,0,37166.9,8850.33,0,0,17.6526,8.61413,23048,1555.14,unsupported,unsupported,1.37734,34.0776,85.1939
RHS 500x200x10,500,200,10,15,10,EN10210-2,105.918,134.927,10,25,41755.5,1670.22,1670.22,1670.22,2104.77,17.5917,9890.92,989.092,989.092,989.092,1100.87,8.56187,0,41755.5,9890.92,0,0,17.5917,8.56187,25871.7,1737.45,unsupported,unsupported,1.37425,38.5506,96.3764
RHS 500x200x11,500,200,11,16.5,11,EN10210-2,116.071,147.862,10,25,45493.7,1819.75,1819.75,1819.75,2299.47,17.5407,10729.1,1072.91,1072.91,1072.91,1200.24,8.51834,0,45493.7,10729.1,0,0,17.5407,8.51834,28167.4,1884.29,unsupported,unsupported,1.37167,42.2462,105.615
RHS 500x200x12.5,500,200,12.5,18.75,12.5,EN10210-2,131.153,167.073,10,25,50956.1,2038.24,2038.24,2038.24,2586.2,17.464,11938,1193.8,1193.8,1193.8,1345.73,8.45304,0,50956.1,11938,0,0,17.464,8.45304,31513.7,2096.09,unsupported,unsupported,1.36781,47.7353,119.338
RHS 500x200x14.2,500,200,14.2,21.3,14.2,EN10210-2,148.028,188.571,10,25,56938.9,2277.56,2277.56,2277.56,2903.51,17.3767,13239.3,1323.93,1323.93,1323.93,1505.46,8.37907,0,56938.9,13239.3,0,0,17.3767,8.37907,35166.1,2324.17,unsupported,unsupported,1.36343,53.8774,134.693
RHS 500x200x16,500,200,16,24,16,EN10210-2,165.645,211.013,10,25,63035.6,2521.43,2521.43,2521.43,3230.67,17.2838,14539.5,1453.95,1453.95,1453.95,1668.67,8.30079,0,63035.6,14539.5,0,0,17.2838,8.30079,38872.5,2552.25,unsupported,unsupported,1.3588,60.2895,150.724
RHS 500x300x6.3,500,300,6.3,9.45,6.3,EN10210-2,77.5474,98.7865,15,25,34921.1,1396.85,1396.85,1396.85,1670.66,18.8016,15981.9,1065.46,1065.46,1065.46,1178.85,12.7194,0,34921.1,15981.9,0,0,18.8016,12.7194,33923.6,1767.07,unsupported,unsupported,1.58378,37.0449,61.7416
RHS 500x300x7.1,500,300,7.1,10.65,7.1,EN10210-2,87.1685,111.043,15,25,39097.8,1563.91,1563.91,1563.91,1874.02,18.7643,17867.4,1191.16,1191.16,1191.16,1321.51,12.6849,0,39097.8,17867.4,0,0,18.7643,12.6849,38016.2,1974.5,unsupported,unsupported,1.58172,41.641,69.4017
RHS 500x300x8,500,300,8,12,8,EN10210-2,97.9313,124.753,15,25,43728.4,1749.14,1749.14,1749.14,2100.45,18.7222,19950.9,1330.06,1330.06,1330.06,1480.12,12.6461,0,43728.4,19950.9,0,0,18.7222,12.6461,42563,2203.48,unsupported,unsupported,1.5794,46.7825,77.9708
RHS 500x300x8.8,500,300,8.8,13.2,8.8,EN10210-2,107.444,136.871,15,25,47784.2,1911.37,1911.37,1911.37,2299.64,18.6847,21769.6,1451.31,1451.31,1451.31,1619.44,12.6116,0,47784.2,21769.6,0,0,18.6847,12.6116,46553.6,2403.17,unsupported,unsupported,1.57734,51.3268,85.5447
RHS 500x300x10,500,300,10,15,10,EN10210-2,121.618,154.927,15,25,53762.2,2150.49,2150.49,2150.49,2594.77,18.6284,24439.4,1629.3,1629.3,1629.3,1825.5,12.5598,0,53762.2,24439.4,0,0,18.6284,12.5598,52449.8,2696.01,unsupported,unsupported,1.57425,58.0976,96.8294
RHS 500x300x11,500,300,11,16.5,11,EN10210-2,133.341,169.862,15,25,58647.5,2345.9,2345.9,2345.9,2837.37,18.5813,26611.4,1774.1,1774.1,1774.1,1994.55,12.5166,0,58647.5,26611.4,0,0,18.5813,12.5166,57281.4,2934,unsupported,unsupported,1.57167,63.6981,106.164
RHS 500x300x12.5,500,300,12.5,18.75,12.5,EN10210-2,150.778,192.073,15,25,65812.9,2632.52,2632.52,2632.52,3195.58,18.5107,29780.5,1985.37,1985.37,1985.37,2243.6,12.4518,0,65812.9,29780.5,0,0,18.5107,12.4518,64389.5,3280.88,unsupported,unsupported,1.56781,72.0275,120.046
RHS 500x300x14.2,500,300,14.2,21.3,14.2,EN10210-2,170.322,216.971,15,25,73699.8,2947.99,2947.99,2947.99,3593.35,18.4303,33244.9,2216.32,2216.32,2216.32,2519.31,12.3783,0,73699.8,33244.9,0,0,18.4303,12.3783,72244.1,3659.65,unsupported,unsupported,1.56343,81.364,135.607
RHS 500x300x16,500,300,16,24,16,EN10210-2,190.765,243.013,15,25,81783,3271.32,3271.32,3271.32,4005.07,18.345,36768.2,2451.21,2451.21,2451.21,2803.74,12.3005,0,81783,36768.2,0,0,18.345,12.3005,80329,4044.47,unsupported,unsupported,1.5588,91.1299,151.883
RHS 500x300x20,500,300,20,30,20,EN10210-2,235.271,299.708,15,25,98776.7,3951.07,3951.07,3951.07,4885.47,18.1542,44078,2938.53,2938.53,2938.53,3408.4,12.1272,0,98776.7,44078,0,0,18.1542,12.1272,97447.2,4841.99,unsupported,unsupported,1.5485,112.39,187.317
